"","283","16688","3494","10128","3470","13259","1661","10784","16594","4206","9441","15960","10038","1955","702","12456","4047","14280","13234","15044","13033","12605","2073","16525","12916","6431","4613","17278","2042","8223","13005","8597","11440","11185","11701","10240","4565","11404","1954","1739","12665","3243","8590","11979","82","6734","3663","8360","6365","11004","308","16646","98","14423","2385","5482","13087","12462","11005","12057","11734","1759","12790","5846","14943","11203","14794","16191","15424","11394","14357","13975","16753","4609","10690","1605","13549","14931","1180","16083","10985","6119","14381","11953","10975","2361","16870","2589","3825","696","9096","16821","8954","6043","3798","540","13379","15392","3766","15727","10670","720","3337","6417","17219","2736","1547","9867","6645","6189","13043","9056","6987","4499","12943","12226","12174","12709","6538","16833","6111","12237","15786","327","8422","4737","8261","242","11351","1424","8569","1830","10825","9602","9223","6006","14362","16984","1183","10828","14183","8486","2063","14563","7101","12558","11317","15401","7422","4870","8875","8104","7882","7890","10024","3150","13906","10849","4451","5255","6898","675","5151","15075","8721","7434","9579","16961","2155","12102","5439","7293","13881","7791","5536","7805","751","8163","2308","13295","2012","14044","14145","3502","5738","12508","6169","11546","15983","3479","9067","17196","11437","8560","10416","7744","13661","8302","16637","13776","2749","7346","16263","2737","5395","6036","5686","3321","12201","8331","2439","9326","10100","14051","11548","11439","13947","10922","14866","156","2089","16084","9719","9017","10487","9939","14511","11950","14929","13344","8201","2651","4995","13350","10590","7420","593","2574","16421","8058","8849","11706","2497","7291","5292","11747","577","9999","3444","1494","14597","6331","12074","3474","9604","5492","16312","12396","1097","16759","13545","12130","26","5506","12458","14020","5925","4930","5654","11207","10050","3091","4769","15310","12310","11686","7315","6165","3667","17049","1138","3549","8807","14301","5896","1849","5062","17029","2906","11575","13471","16444","11340","5828","4954","16264","13445","10649","9493"
"3001",8,6,7,0,9,1,112,0,0,14,3,0,63,1,4,2,1,70,1,0,25,0,2,18,0,4,16,0,3,67,0,60,12,0,0,2,26,0,20,25,1,26,1,45,0,12,0,1,18,0,1,0,2,0,45,1,0,3,3,1,0,2,0,18,1,0,0,114,4,2,0,0,0,3,1,9,913,52,0,16,289,8,7,18,1,4,0,22,0,12,0,0,0,4,5,7,5,0,17,35,0,21,4,2,0,6,0,0,3,3,0,123,0,109,0,4,3,0,15,0,1,3,0,0,7,0,0,1,3,8,1,0,9,0,609,0,0,21,0,0,0,34,15,2,6,1,3,221,0,1,1,0,188,7,0,0,0,2,0,352,0,3,0,67,0,0,0,29,0,782,0,83,9,0,5,0,4,1,0,0,2,1,0,3,0,0,0,0,0,0,16,0,4,10,1,0,9,0,11,2,1,0,8,8,62,0,0,0,0,0,0,0,0,0,0,0,0,0,0,0,1619,10,0,0,0,0,0,0,0,6,3,305,0,0,0,0,0,0,3,1,147,0,0,3,8,3,0,1,430,1,0,0,0,133,1,0,6,16,63,0,6,0,11,3,5,3,0,2,0,1,0,0,4,0,1,0,6,0,0,0,0,3,1,0,0,1,33,36,3,50,4,4,14,0,0,9,14,6,108
"3003",9,0,5,0,2,0,169,1,31,12,2,0,25,1,0,1,0,7,0,0,8,0,1,0,0,0,0,0,4,5,1,0,0,0,0,3,23,2,26,1,234,0,0,0,0,0,0,1,3,1,1,0,0,0,33,1,0,2,0,2,0,0,6,97,1,0,0,84,1,2,0,1,0,1,0,0,8,1,12,1,0,1,3,3,3,0,1,6,0,18,1,0,0,0,0,2,0,0,0,0,10,1,1,0,0,0,0,0,0,0,0,46,0,46,0,0,2,0,1,0,0,0,0,1,1,0,0,0,0,1,3,0,0,0,4,4,0,0,25,2,0,20,24,0,0,0,2,143,0,1,0,36,0,0,0,0,0,0,0,0,1,5,0,0,1,4,1,101,177,1819,27,27,8,0,1,7,4,1,0,6,2,0,15,0,0,2,14,1,58,10,0,0,3,0,0,2,7,0,0,0,0,0,0,0,15,0,0,389,0,0,1,0,0,0,0,0,0,0,0,0,0,0,0,0,0,45,0,1,0,0,0,4,18,0,0,0,0,0,0,0,0,0,0,0,4,0,0,0,11,0,0,0,0,28,0,0,0,0,0,0,0,0,0,0,1,5,0,1,0,0,2,0,0,0,0,0,0,0,0,1,0,0,0,0,0,2,0,2,0,22,0,0,0,9,16,0,0,0,2
"3004",37,0,4,1,9,1,211,1,54,5,0,1,10,0,0,0,0,27,0,1,38,0,0,0,0,0,27,0,0,90,8,4,4,0,0,4,6,0,0,4,0,0,0,29,0,16,0,0,7,0,0,2,7,0,5,1,0,8,0,1,0,0,1,13,1,0,0,43,0,10,0,0,0,8,5,5,449,22,0,17,4,2,26,81,3,5,10,33,2,0,3,2,3,5,8,18,0,0,6,32,0,2,1,0,0,3,0,0,2,2,0,70,0,39,0,1,1,0,7,19,1,0,0,1,2,1,0,3,0,1,8,2,4,4,0,39,0,0,90,293,1,6,0,0,0,0,1,77,0,1,0,0,5,0,0,0,14,3,1,0,0,2,1,17,0,2,1,76,101,0,4,0,0,1,0,0,13,3,0,0,2,1,0,3,0,3,2,1,2,1,0,0,0,6,0,13,18,115,13,6,0,1,1,23,73,250,0,1113,1,0,9,3,1,0,3,3,3,1,1,3,322,1,6,1,0,0,1,2,1,5,1,181,69,0,0,3,0,0,0,3,3,1,3,5,0,4,1,0,595,1,18,23,21,554,6,0,0,0,0,5,0,0,0,0,0,0,0,0,0,0,21,4,0,0,1,62,1,0,0,0,0,4,2,0,0,0,4,77,2,48,77,0,4,4,0,2,3,0,46
"3006",0,5,18,0,14,1,257,2,0,9,0,0,18,0,0,3,0,58,2,0,73,0,10,3,2,0,40,0,0,76,19,0,2,1,0,1,0,0,7,6,395,21,0,0,2,84,9,1,79,3,3,5,6,0,1,0,0,9,0,1,3,1,41,33,0,24,10,57,0,21,8,1,2,4,21,0,5,0,0,0,1,0,23,3,0,13,0,96,0,22,0,0,0,1,25,25,100,0,21,0,5,6,1,0,0,4,2,1,1,24,2,243,0,281,1,8,9,1,11,0,0,2,3,2,4,0,0,2,0,0,0,0,5,0,166,10,1,0,45,131,0,10,10,0,0,0,2,121,0,0,0,0,104,0,1,2,74,1,0,2,4,0,0,85,0,0,0,0,0,0,8,42,0,4,1,6,0,0,2,9,54,0,0,4,0,2,4,2,4,0,0,4,7,0,0,10,19,129,11,3,1,2,1,9,41,3,0,418,1,0,3,0,0,0,0,0,0,0,0,1,477,5,1,1,1,204,15,2,0,3,1,94,166,0,1,2,0,1,1,10,0,1,1,2,0,1,0,2,402,0,0,0,0,0,0,2,0,0,6,1,0,0,0,2,0,0,0,1,0,8,1,0,11,0,0,50,2,1,1,2,1,5,0,1,0,1,9,110,2,46,4,2,5,21,0,0,27,2,26
"3007",6,2,1,1,1,0,45,0,0,14,3,0,26,0,1,0,3,35,2,0,85,1,4,21,0,4,105,1,2,48,4,179,7,0,1,21,0,0,0,0,0,0,3,155,0,27,0,0,38,0,3,0,14,4,5,0,0,6,2,2,2,0,2,13,0,1,2,41,0,12,0,2,222,11,24,2,1241,17,0,23,1,1,6,127,0,8,20,63,3,7,1,0,0,6,19,16,0,10,0,8,8,7,3,0,67,13,3,2,0,3,1,157,0,122,2,3,2,1,6,41,0,6,0,0,5,0,12,2,1,1,2,4,4,0,559,174,8,4,95,287,0,0,0,0,0,0,0,0,0,0,1,0,189,7,0,4,38,4,0,0,0,7,0,0,0,0,0,0,0,0,0,58,0,2,0,0,17,5,1,0,0,9,120,6,0,0,0,16,29,3,21,1,0,8,0,4,0,0,30,0,0,0,0,21,112,0,0,0,0,0,0,0,0,0,0,0,0,0,2,0,1015,5,0,0,0,1590,0,2,0,0,0,22,127,1,0,0,0,0,2,1,127,1,1,0,0,3,1,2,1304,0,0,0,0,0,0,3,0,0,22,0,0,0,0,0,1,3,0,0,1,0,1,0,0,0,3,45,5,4,3,0,15,1,1,0,0,0,0,181,1,27,2,0,4,12,8,0,13,1,87
"3008",10,2,1,1,1,0,31,0,51,0,0,0,3,1,0,0,0,27,0,1,5,0,0,0,0,0,6,0,0,5,4,3,0,0,0,0,0,0,10,7,96,0,1,4,3,3,0,0,6,1,0,0,0,0,2,0,0,1,1,0,1,0,2,10,0,3,0,6,0,4,0,0,21,1,25,0,10,0,0,1,0,1,4,13,2,4,0,25,0,0,1,0,0,0,1,0,3,0,3,6,0,1,0,0,65,1,0,1,0,0,0,8,1,9,1,2,0,2,1,3,0,0,12,2,0,0,6,0,0,0,2,1,0,0,16,9,1,20,32,94,0,7,2,3,4,0,0,124,0,3,0,0,10,1,0,0,0,1,0,0,0,0,0,40,0,1,0,64,207,0,0,53,7,0,4,0,0,0,0,3,7,0,10,0,1,0,5,0,21,3,0,0,0,0,0,13,9,151,19,0,0,0,0,0,1,50,0,284,0,0,0,1,1,0,0,0,0,0,0,0,0,0,0,0,0,32,0,0,0,1,0,123,22,0,0,1,1,0,0,1,2,1,0,2,2,1,0,1,336,0,0,0,0,12,0,0,9,1,2,1,4,0,11,1,0,0,0,0,0,0,0,0,0,0,0,13,0,0,0,0,0,0,0,1,2,0,0,0,0,14,2,0,0,0,0,0,2,0,2
"3009",13,2,9,0,5,3,171,0,0,9,1,0,36,0,0,2,1,17,2,0,33,0,3,13,3,5,11,1,0,28,7,3,15,1,1,3,0,0,0,0,21,41,0,2,0,95,0,0,7,3,2,0,0,0,5,1,0,2,2,2,0,0,15,6,0,2,0,36,0,16,0,0,124,5,2,1,119,4,75,8,47,0,12,83,0,1,9,15,0,0,0,0,0,2,1,9,4,0,5,53,0,9,3,0,57,0,0,0,0,2,0,53,0,104,0,0,0,0,2,25,0,2,0,0,2,0,2,0,1,4,2,0,2,0,0,28,3,0,7,132,0,8,18,0,0,0,2,111,0,0,0,0,72,0,0,1,55,1,0,0,0,0,0,0,1,25,2,329,231,0,0,0,0,0,0,2,7,1,1,0,5,0,0,2,0,7,0,0,3,1,0,0,0,0,0,5,18,0,17,0,0,0,0,0,0,0,4,1169,1,4,4,3,0,0,0,1,0,1,0,0,0,0,0,1,0,80,0,1,0,0,0,4,73,0,0,3,0,1,2,0,0,0,0,0,17,0,0,0,214,1,4,38,13,242,1,0,0,4,0,0,23,0,0,7,0,0,6,5,0,0,3,0,0,1,5,0,4,0,0,0,4,1,0,0,2,6,1,26,2,18,0,0,1,7,0,2,15,0,41
"3010",34,1,7,0,29,3,172,1,0,6,0,1,12,0,1,2,0,16,0,0,0,0,4,1,0,0,5,0,0,14,4,0,9,0,0,0,0,2,0,2,0,2,2,18,0,5,0,5,6,0,0,3,2,1,8,0,0,1,1,0,0,0,26,12,0,0,0,6,0,9,0,1,2,0,0,0,13,4,0,0,0,0,19,4,1,27,0,113,1,2,0,1,0,1,1,26,0,0,0,4,0,2,0,0,0,1,0,0,0,6,0,62,0,46,1,3,1,0,1,32,0,0,8,1,0,1,0,0,0,7,1,1,4,0,7,3,0,10,24,103,0,16,4,1,4,6,0,134,1,1,0,26,2,0,1,0,40,0,0,0,0,0,0,33,1,4,0,96,103,0,4,0,0,7,8,1,2,0,2,0,3,0,0,2,0,4,1,0,0,0,2,0,0,0,2,2,9,5,3,0,1,3,0,23,86,183,0,709,4,0,5,1,3,1,1,0,3,2,0,2,0,0,1,2,2,242,1,6,0,0,0,0,344,0,0,0,0,2,0,7,0,0,0,0,0,4,0,1,837,2,0,50,1,213,3,0,0,8,0,1,0,0,10,0,0,0,0,0,0,4,0,0,0,0,0,14,0,0,2,2,1,2,0,2,0,1,0,0,0,5,0,4,3,11,16,1,13,6,1
"3011",100,16,1,0,0,0,13,0,274,2,1,0,28,0,1,0,0,52,5,1,25,0,29,61,5,18,36,0,18,19,22,3,80,0,0,4,3,4,58,4,5,0,0,0,1,62,28,5,63,6,0,8,2,0,16,2,1,10,1,0,0,0,20,16,1,1,1,92,1,67,6,1,126,3,1,1,102,6,56,1,88,1,28,4,0,23,1,140,0,15,0,0,2,3,23,20,0,0,7,7,0,9,0,1,0,12,0,2,0,4,1,281,2,266,4,4,16,0,10,141,2,6,10,7,14,6,0,2,1,1,0,0,1,12,5,48,4,40,110,1092,6,14,7,3,6,1,0,198,1,3,2,2,4,1,0,0,0,0,0,0,1,0,0,370,2,2,1,189,54,323,0,279,13,0,0,0,3,0,2,92,23,2,6,0,4,12,20,8,54,5,53,2,0,2,0,24,96,20,1,2,4,29,0,0,9,361,0,694,0,1,2,3,3,0,0,3,0,0,0,0,0,0,3,0,0,4,0,0,0,0,0,26,54,0,1,3,12,1,0,0,0,0,0,1,12,0,0,1,74,0,0,0,0,11,2,0,0,1,0,4,95,4,3,1,2,4,2,2,1,0,0,0,6,0,0,57,1,0,0,11,2,1,0,2,2,7,12,161,0,13,59,0,0,43,1,2,6,18,781
"3013",7,0,3,0,3,0,81,0,0,2,3,0,26,1,2,0,1,17,2,0,150,0,2,7,1,0,8,1,0,4,2,0,8,0,0,1,0,18,74,1,0,0,0,1,0,8,6,1,3,5,0,0,0,0,1,0,0,0,0,1,1,0,4,12,0,1,2,25,0,6,0,0,0,3,0,0,32,2,0,1,0,1,4,46,4,0,2,6,2,0,4,2,0,0,4,2,0,0,0,0,17,11,1,1,0,1,1,0,0,3,0,244,0,86,2,1,7,0,24,0,0,1,0,1,0,1,0,1,0,0,0,0,16,0,0,0,0,0,0,0,0,4,6,1,2,3,0,144,2,0,0,0,43,0,1,4,64,5,1,0,0,0,0,0,0,0,0,0,0,0,0,4,0,0,0,0,6,0,1,0,34,0,0,0,0,0,0,0,0,0,15,0,12,0,0,3,0,0,12,1,0,0,4,0,0,0,0,2194,2,2,18,4,0,0,1,2,5,2,0,3,0,0,9,4,0,0,0,0,0,12,3,391,0,0,0,0,0,3,0,0,0,1,0,14,0,0,0,0,0,0,0,0,0,0,0,0,0,0,0,0,0,0,0,3,0,1,0,1,0,5,0,3,0,0,0,0,2,0,0,0,0,3,0,0,0,0,0,0,0,21,0,0,0,5,13,0,0,0,8
"3014",2,0,4,0,4,0,239,0,0,102,10,5,228,3,2,2,4,0,11,0,14,0,0,20,0,20,9,0,0,134,20,2,2,2,0,1,0,0,0,5,2,7,1,34,1,14,1,3,9,0,8,4,0,0,201,2,4,4,10,18,0,0,56,192,1,0,0,89,0,3,0,0,1,0,0,0,9,0,2,1,0,0,84,1916,41,25,15,338,3,0,48,5,0,2,12,22,0,0,0,1,23,0,5,0,0,6,0,1,1,7,0,85,0,124,5,5,4,0,13,427,0,6,24,1,2,0,4,8,0,0,0,0,4,0,65,16,0,1,9,154,0,0,3,0,0,0,1,17,0,3,2,0,32,0,0,0,0,0,1,0,0,0,0,22,0,3,0,56,76,0,0,4,0,1,0,0,2,0,0,0,1,1,0,0,1,0,0,0,0,0,0,0,0,0,1,16,234,0,10,0,0,0,0,13,45,255,0,182,0,2,0,0,0,0,0,0,0,0,1,1,0,0,0,0,0,33,11,3,0,0,0,0,160,0,0,3,0,0,0,3,13,0,0,0,0,1,0,1,166,0,0,0,0,0,0,0,0,11,0,4,0,0,0,0,11,0,1,38,1,0,5,1,1,1,0,0,0,2,2,0,8,0,1,0,1,3,2,18,7,165,0,6,7,0,0,2,41,0,322
"3015",2,1,14,1,11,2,307,1,0,9,0,0,15,0,0,5,0,21,0,0,28,0,0,0,0,0,17,0,0,13,2,2,16,3,0,3,0,0,0,4,0,0,1,16,0,34,1,0,4,0,0,0,5,2,35,0,0,0,0,2,0,0,0,26,0,0,0,68,1,10,0,1,0,0,0,1,399,17,0,6,1,3,23,74,3,0,4,0,6,0,1,5,0,1,6,52,8,0,5,22,0,0,0,0,15,1,0,1,1,3,2,122,1,232,3,2,12,0,6,0,0,2,0,1,2,0,0,3,0,2,6,2,0,0,0,3,0,23,71,51,0,0,3,0,0,0,0,20,0,1,0,0,27,0,2,4,58,0,0,0,0,5,1,68,1,1,0,62,0,0,0,15,0,8,0,12,5,0,2,0,4,9,0,0,5,16,28,0,7,0,0,1,0,3,1,0,41,0,0,0,1,0,0,0,0,477,0,304,1,0,0,0,0,0,0,0,0,0,1,1,1286,5,0,0,1,0,13,5,0,0,1,74,518,1,0,9,15,0,0,1,0,1,0,1,0,0,0,0,390,0,5,11,4,427,5,0,0,21,0,3,0,0,1,0,3,0,11,0,0,0,0,2,0,0,3,55,0,5,12,0,5,5,2,4,0,0,0,1,0,23,8,0,4,4,0,0,35,0,24
"3016",2,3,2,0,2,1,134,0,0,20,0,1,29,1,0,1,0,119,0,0,87,1,1,5,0,3,78,0,1,16,33,22,6,0,0,2,0,6,27,23,1,15,8,59,1,75,11,0,13,5,0,3,16,5,3,0,2,6,2,3,0,0,3,15,0,0,0,25,5,25,0,0,0,10,25,0,113,3,26,2,161,4,2,25,0,3,2,26,0,3,0,0,0,2,3,0,126,3,17,0,0,8,3,0,0,4,0,0,0,9,0,73,0,103,0,3,0,0,1,37,0,0,0,1,1,1,0,1,0,0,0,0,3,0,123,11,0,33,41,155,0,10,10,0,0,0,3,184,0,0,0,0,0,0,1,4,100,1,0,0,1,1,0,125,0,0,0,0,0,0,0,5,0,0,10,3,3,0,0,9,41,1,2,0,0,0,7,2,10,1,0,1,0,0,0,11,32,0,18,0,0,5,0,0,0,0,0,0,0,0,0,0,0,0,0,0,0,0,0,0,1028,7,0,0,1,0,8,4,0,2,1,53,160,0,1,9,0,0,0,1,107,0,0,0,0,1,0,0,112,0,4,0,0,488,4,1,0,6,3,0,0,0,0,0,0,1,0,17,0,0,0,4,0,0,0,0,0,0,0,2,2,1,0,1,0,1,0,113,2,46,38,0,3,18,5,0,13,1,75
"3017",6,0,6,2,2,0,105,0,12,0,0,0,29,1,0,0,1,3,0,0,1,0,18,29,2,6,27,1,0,6,14,13,2,0,0,0,0,0,0,10,0,17,0,0,0,47,1,0,6,0,1,1,0,0,1,1,3,0,1,1,0,1,3,10,0,0,0,9,0,5,0,0,0,0,1,0,45,1,0,2,51,1,19,100,0,1,25,29,3,21,0,0,0,0,1,3,0,0,0,34,4,0,0,1,0,1,0,0,0,0,0,27,0,82,0,0,0,0,21,48,1,1,0,0,0,0,0,1,0,1,0,0,3,1,28,38,4,0,11,121,1,2,2,0,0,0,0,73,0,0,2,0,97,2,0,1,38,0,0,221,0,0,1,47,0,0,0,0,0,3806,0,0,0,0,0,0,3,0,0,1,36,0,0,1,0,1,0,0,0,0,0,0,0,0,2,1,6,0,3,0,3,0,3,0,58,0,1,303,0,0,1,0,0,0,0,0,0,0,0,0,0,0,0,0,0,2,8,3,0,2,0,68,239,0,0,5,0,0,0,0,92,0,0,0,0,0,0,0,41,0,0,1,0,174,1,0,0,0,2,0,0,4,5,4,1,5,0,3,0,1,0,0,0,0,1,2,1,1,2,0,0,0,0,0,1,1,0,1,1,12,0,0,1,2,0,0,11,0,5
"3018",0,0,4,0,6,2,182,1,0,17,2,0,176,3,1,0,0,0,0,0,7,0,0,0,1,0,1,0,0,33,26,0,0,0,1,4,0,0,0,0,0,0,0,0,0,0,0,0,1,0,2,1,0,0,0,1,1,13,0,0,0,0,0,54,1,1,1,12,0,1,0,0,0,0,0,0,0,0,0,0,0,0,0,0,0,0,0,0,0,0,0,0,0,0,2,0,2,0,0,0,0,0,2,0,0,0,0,0,1,0,0,4,0,31,3,2,5,0,3,0,0,1,0,0,0,1,0,0,0,0,0,0,0,0,0,0,0,0,0,0,0,1,0,0,0,1,0,7,0,0,25,0,26,0,0,0,0,3,4,91,0,0,0,0,0,0,0,7,0,0,0,0,0,0,0,0,0,0,0,0,0,0,0,0,0,0,0,0,0,0,0,0,0,0,0,0,0,0,0,0,0,0,0,0,0,0,0,114,0,0,3,0,1,0,0,0,0,0,0,0,0,0,2,0,0,0,0,0,0,1,0,23,1,0,0,0,0,0,0,0,0,0,0,0,0,0,0,0,13,0,0,0,2,28,0,0,0,0,0,0,0,0,0,0,0,0,2,395,3,0,1,0,0,0,0,0,0,0,0,0,0,0,0,0,0,0,0,0,0,86,0,176,0,0,0,0,18,0,0
"3019",35,0,13,4,15,2,435,1,0,1,0,1,7,0,0,0,0,0,3,1,6,0,0,0,0,0,4,0,0,30,1,29,16,0,1,2,0,3,35,1,191,0,2,75,0,30,2,0,0,0,2,6,0,0,11,1,1,1,1,1,0,9,2,11,0,0,1,35,0,2,1,0,0,0,0,0,396,3,0,3,0,1,29,64,0,13,22,69,11,11,0,0,0,2,6,3,1,6,0,16,0,1,1,0,0,1,1,0,0,0,0,129,0,55,1,3,1,0,4,58,0,7,13,0,9,0,0,11,0,2,27,4,0,0,32,11,0,44,103,154,1,4,7,6,1,1,1,134,0,29,0,1,0,0,0,0,0,0,0,0,0,0,0,46,0,13,0,101,511,0,0,0,0,6,5,5,22,5,3,31,8,3,0,1,0,26,41,0,0,0,0,0,0,2,1,2,0,74,0,15,2,2,0,3,59,233,1,1382,0,3,4,2,1,1,0,1,0,0,0,2,0,0,3,0,0,0,0,1,0,0,0,8,169,1,0,37,8,2,0,0,0,0,0,0,22,0,0,0,80,0,10,26,10,1123,2,0,8,4,14,0,3,12,10,19,3,0,0,2,1,0,1,0,1,2,0,15,3,4,0,0,0,5,8,1,0,15,18,0,4,53,71,0,0,2,0,1,14,0,7
"3020",1,0,9,0,3,0,163,1,0,5,1,1,37,1,0,0,0,1,1,0,4,0,2,1,1,3,2,0,0,32,7,0,0,0,0,1,0,1,3,0,0,0,0,0,0,0,0,0,1,0,6,2,0,0,25,0,8,1,10,9,1,0,2,35,0,0,0,115,0,6,0,2,0,0,0,0,10,0,0,1,0,0,75,9,0,0,3,15,1,6,0,0,0,0,2,0,0,4,0,1,0,0,3,1,0,0,0,0,0,2,0,11,0,23,1,0,3,0,0,0,0,20,0,4,0,0,1,10,0,0,0,0,0,1,0,18,1,4,12,66,0,1,1,0,0,0,0,20,0,0,0,0,22,0,2,7,108,0,0,0,0,0,0,29,0,11,0,230,0,0,1,1,0,1,0,0,2,0,0,3,8,0,0,0,0,0,0,1,0,0,0,0,0,0,0,1,0,0,0,6,0,0,0,6,63,225,1,579,1,2,4,0,0,0,0,0,0,0,0,0,0,0,0,1,0,0,0,0,0,2,0,497,138,0,0,55,2,1,0,0,0,1,2,1,25,0,0,0,142,0,0,0,0,0,0,1,0,0,0,0,0,0,0,0,3,0,2,0,0,0,7,0,0,2,0,0,0,3,2,0,10,0,0,0,8,10,0,0,2,24,0,0,2,0,10,0,10,0,37
"3022",0,0,7,2,4,1,138,0,39,1,0,0,5,0,0,1,0,23,3,0,97,1,34,42,6,3,26,4,1,3,3,1,21,0,0,0,0,0,0,0,0,0,0,0,0,11,0,0,50,1,0,0,0,0,2,3,0,2,2,4,0,0,0,69,0,0,0,182,0,0,0,1,0,2,0,0,71,4,0,5,0,0,6,2,0,4,0,4,1,0,0,0,1,0,2,0,0,0,4,34,0,5,2,3,0,1,0,0,0,2,0,22,0,38,1,0,1,1,0,89,0,4,0,0,0,1,0,1,0,0,0,0,0,0,11,6,0,9,15,69,1,2,1,0,0,0,0,46,0,1,1,3,1,0,0,11,77,2,0,0,0,0,0,0,2,5,0,308,0,0,1,2,0,0,0,4,4,1,0,0,0,0,0,0,0,0,0,0,0,0,0,0,0,0,1,0,0,0,52,1,0,9,0,0,87,0,1,1196,3,2,12,3,0,0,1,3,2,1,0,3,0,0,5,10,1,0,1,18,1,3,2,280,544,1,1,7,170,0,0,3,69,0,1,0,0,0,0,1,287,1,19,84,70,1311,10,0,0,0,0,0,0,0,0,0,0,0,0,0,0,0,0,0,0,0,1,0,0,0,1,0,0,0,0,0,7,20,0,0,0,47,4,6,0,0,2,0,5,0,33
"3023",24,0,48,3,16,0,655,9,147,18,2,0,60,1,0,0,4,12,1,0,4,1,2,16,0,14,2,1,0,17,14,7,0,1,1,5,0,0,28,0,0,0,0,0,0,0,2,3,6,0,9,3,17,4,40,0,0,4,0,4,0,4,24,45,0,0,0,37,0,0,0,0,0,0,1,0,27,0,0,1,0,1,53,0,0,0,0,0,0,0,0,0,0,0,1,3,0,0,0,0,0,0,0,0,0,0,0,0,0,0,0,33,0,106,0,3,2,0,18,88,0,0,0,1,0,2,0,2,4,1,0,0,5,0,63,0,0,0,0,0,0,5,4,3,1,0,0,135,1,3,0,34,3,0,3,26,191,0,0,0,3,0,0,84,1,7,0,113,0,0,0,4,0,1,0,0,7,0,0,0,0,2,0,0,2,0,0,0,0,0,0,1,0,1,3,0,0,0,10,2,1,0,0,26,92,108,1,1606,0,3,8,1,1,0,0,5,1,2,1,6,0,0,1,4,1,61,6,6,2,0,0,1,404,1,0,11,0,5,0,2,0,0,0,0,95,1,0,0,327,0,19,193,81,1334,6,1,0,0,0,0,0,5,15,4,0,0,1,0,0,1,0,0,2,1,2,13,3,2,0,0,0,2,2,0,0,1,0,0,2,100,0,9,0,0,14,0,10,0,21
"3025",2,0,0,0,0,0,0,0,0,0,0,0,22,0,0,0,0,0,0,0,27,0,0,0,0,0,0,0,0,0,1,0,0,0,0,0,0,0,0,0,0,0,0,0,0,0,0,0,6,0,0,2,9,1,0,0,0,0,0,0,1,1,8,1,0,0,0,10,0,27,2,0,0,0,0,0,82,7,0,8,0,2,3,0,0,0,0,0,0,0,0,0,0,1,5,0,0,0,0,0,0,0,0,0,0,5,0,2,1,4,0,11,0,33,0,0,0,0,0,0,0,0,0,0,0,0,0,1,0,8,0,0,0,0,2,0,0,0,67,22,0,4,0,2,2,2,0,175,4,0,0,47,0,0,0,2,40,0,0,0,0,0,0,20,1,0,0,15,0,0,0,0,0,0,0,0,3,0,0,0,0,0,0,0,0,0,0,0,0,0,47,2,0,2,0,2,0,0,2,0,0,0,0,1,0,0,0,518,0,0,2,0,0,0,0,1,0,0,0,1,105,0,0,0,0,0,0,0,0,0,0,0,1,0,0,0,0,1,5,1,6,0,0,0,0,0,0,1,196,1,0,0,0,0,0,0,0,0,0,0,0,0,0,0,0,0,0,0,0,0,0,0,0,0,0,0,0,4,0,0,0,1,0,1,0,0,0,0,0,22,9,0,0,7,0,0,2,1,24
"3026",0,1,1,0,3,1,21,0,10,0,1,0,2,0,0,1,0,12,0,1,1,0,0,0,0,0,0,0,0,2,0,1,8,0,0,0,0,0,5,7,1,3,0,0,0,1,0,0,0,1,0,1,0,0,6,0,0,1,0,0,0,0,2,5,0,0,0,2,0,3,0,0,0,0,0,1,15,1,0,2,0,0,0,33,0,0,13,49,6,102,0,1,0,0,0,0,0,1,0,8,0,1,0,0,0,0,0,0,0,0,0,28,0,14,0,0,0,0,0,1,0,1,0,0,1,0,0,0,0,1,1,0,0,0,18,0,0,8,2,50,0,20,6,0,0,0,3,91,0,2,0,0,21,3,0,0,0,0,1,27,1,0,1,42,1,2,0,196,196,1668,0,55,4,0,1,2,8,0,0,0,0,0,0,0,0,0,0,0,26,5,0,0,0,0,0,1,1,0,0,0,0,2,0,0,22,0,0,65,1,0,0,0,0,0,0,0,0,0,1,1,88,1,0,0,0,2,0,0,1,0,0,0,22,0,0,2,1,0,0,1,0,0,0,0,0,1,0,0,140,1,0,0,0,30,1,0,0,0,0,3,0,0,0,1,0,0,0,1,0,0,0,0,0,0,0,0,0,0,0,0,0,1,0,1,0,0,0,0,0,1,0,0,0,0,0,0,2,0,3
"3027",36,0,2,0,2,1,52,0,0,0,0,0,1,0,0,0,0,0,1,0,0,0,0,0,0,0,0,0,0,1,0,0,4,0,0,1,0,0,0,0,0,0,0,0,0,0,0,2,8,0,1,3,1,0,0,0,1,12,2,0,0,2,68,27,2,2,0,14,0,15,0,0,0,0,0,0,0,0,0,0,0,0,2,1,0,0,0,0,0,0,0,0,0,0,0,1,0,0,0,8,0,3,0,0,0,0,0,0,0,0,0,0,0,0,0,0,0,0,0,0,0,1,0,0,0,0,0,0,0,0,0,0,0,0,17,53,0,0,0,175,0,5,2,0,0,0,2,42,0,0,0,34,8,1,1,9,142,0,0,0,0,0,0,29,0,0,0,41,116,0,0,0,0,0,0,0,1,0,0,0,0,0,0,0,0,0,0,0,0,0,0,0,0,0,0,0,0,0,0,0,0,0,0,49,54,235,1,1308,1,1,7,8,3,0,1,1,2,0,0,3,0,0,6,1,0,3,1,1,0,13,2,383,122,0,4,95,0,0,0,0,0,0,0,0,64,0,0,0,3,0,3,1,60,738,0,0,0,0,1,0,4,0,5,0,0,0,0,2,0,0,0,0,0,1,0,6,0,0,0,0,0,0,0,0,0,1,0,0,3,4,0,141,0,0,0,0,0,0,0
"3028",3,0,4,0,2,0,103,0,35,0,0,0,28,0,1,0,0,1,0,2,61,0,0,1,0,1,6,0,2,44,4,1,2,0,0,7,0,1,1,18,0,23,0,0,0,46,7,1,18,1,1,0,8,0,3,0,0,7,0,1,0,0,5,21,0,0,1,4,31,7,0,0,88,5,0,0,47,2,0,1,4,0,17,9,1,0,0,2,0,27,0,0,0,0,3,2,34,5,0,0,224,36,0,0,0,0,0,1,1,2,0,5,0,39,0,0,1,0,51,46,0,4,0,0,0,0,0,0,0,0,0,0,2,0,0,0,0,0,39,91,0,0,0,0,0,0,0,13,0,0,0,66,1,0,0,0,0,0,0,0,0,0,0,0,0,0,0,0,0,1548,0,1,0,0,0,4,0,0,0,0,8,0,0,0,0,1,0,0,1,0,0,0,2,0,0,0,13,0,0,0,0,0,1,0,47,0,0,113,0,0,0,0,0,0,0,0,0,0,0,0,0,0,0,0,0,0,8,0,0,0,0,18,75,0,0,5,18,0,0,0,0,0,0,0,0,0,0,0,64,0,0,0,0,0,0,0,0,0,5,0,0,0,0,2,0,0,1,2,1,0,0,0,0,0,0,15,4,0,0,0,0,1,0,0,0,0,3,4,1,21,7,0,0,3,0,1,15,3,16
"3029",1,0,2,1,0,0,85,0,0,5,0,0,14,0,0,0,0,3,0,0,0,0,0,2,0,0,1,0,0,9,1,3,1,0,0,0,0,0,0,1,0,0,0,0,0,1,1,3,5,0,0,4,0,0,6,0,1,1,0,0,0,0,9,13,0,0,0,7,0,1,0,0,0,0,0,0,1,0,0,0,0,2,1,16,0,0,0,3,0,1,0,0,0,0,0,5,0,0,0,6,0,0,2,0,0,0,0,0,0,0,0,19,0,34,0,0,0,0,1,10,0,8,0,0,0,0,0,0,0,0,0,0,2,0,10,6,1,0,23,63,0,18,15,4,1,6,4,351,0,0,0,0,516,10,0,0,0,0,0,70,1,0,1,71,0,4,0,22,359,0,0,0,0,0,3,0,3,1,0,0,1,0,0,1,0,0,0,0,0,0,0,0,1,0,0,0,3,0,2,4,1,2,0,0,51,2040,1,745,0,2,0,0,0,0,0,1,0,0,0,0,1321,14,0,0,1,113,25,2,0,1,0,0,529,0,0,28,2,1,2,1,36,0,2,0,0,2,0,1,797,0,0,0,0,0,0,1,0,6,0,0,0,0,0,1,0,0,0,0,0,0,0,6,1,0,0,6,0,0,0,0,0,0,0,0,0,1,0,0,0,17,0,4,0,0,4,0,2,0,5
"3030",9,2,2,0,2,0,191,0,123,25,0,2,39,0,1,0,0,7,1,1,484,0,0,0,0,0,2,0,0,49,4,2,8,0,0,6,0,1,57,6,0,0,0,4,1,317,4,0,23,0,0,0,0,0,11,2,0,2,3,0,1,0,9,27,0,1,0,48,0,7,1,6,0,8,1,0,99,2,0,3,0,0,8,37,1,0,4,5,2,0,0,0,3,0,1,17,18,2,6,108,1,0,1,0,0,0,1,0,1,0,1,160,0,112,1,0,0,0,4,0,0,3,0,1,0,0,0,1,0,0,0,0,10,0,39,5,0,28,18,398,3,5,5,0,0,0,2,119,0,1,1,0,33,0,0,0,0,2,1,0,3,0,0,151,0,1,0,307,177,0,0,8,0,4,1,64,14,3,4,1,14,1,0,1,0,4,0,0,0,0,8,0,0,0,0,3,34,5,8,0,4,0,5,0,30,0,0,1202,2,2,1,1,1,0,2,1,0,0,0,0,0,0,0,0,0,247,0,0,0,7,0,246,337,0,1,60,0,0,0,0,26,0,0,1,33,0,1,0,267,0,0,0,0,0,0,0,2,1,0,0,0,0,0,2,1,0,2,0,0,0,0,0,2,0,3,86,0,0,0,0,0,4,0,6,1,2,0,2,0,61,38,0,3,8,7,0,11,1,13
"3031",10,1,0,0,2,1,125,0,8,2,0,0,6,0,0,0,0,27,0,1,19,0,2,19,0,5,34,1,2,12,10,42,8,0,0,0,0,4,41,6,86,0,0,2,0,27,4,0,7,2,6,0,0,0,22,0,0,2,0,2,0,0,0,3,1,0,0,17,1,25,1,0,28,2,11,0,18,5,1,0,0,0,3,6,0,1,0,10,0,1,0,0,0,1,4,5,0,2,0,79,1,12,0,4,17,0,1,0,2,0,0,19,1,60,0,0,4,0,3,0,0,0,0,2,1,0,3,1,0,0,0,0,0,1,11,28,3,13,29,110,0,9,5,0,0,0,0,66,0,0,0,16,13,0,0,3,41,1,0,0,0,1,0,62,0,2,0,38,249,0,1,2,0,0,9,5,0,0,1,16,110,0,23,1,1,1,3,0,19,2,0,0,3,0,0,0,5,144,13,0,0,1,0,0,10,34,0,190,0,0,0,0,0,0,0,0,0,0,0,0,171,0,0,0,0,41,9,0,0,0,0,11,45,0,0,25,1,0,1,0,0,0,0,0,8,0,0,0,66,0,0,0,0,98,0,0,3,0,0,0,5,4,23,0,0,1,0,2,0,0,0,0,4,0,0,0,1,0,0,1,0,2,0,1,0,1,7,9,0,0,4,0,0,7,2,0,14,5,32
"3032",1,0,0,0,0,0,0,0,0,0,0,0,1,0,0,0,0,0,4,0,79,0,27,62,6,3,31,1,0,0,0,0,26,1,0,0,0,0,0,0,0,0,0,0,0,10,0,0,0,0,0,0,0,0,0,0,0,20,2,1,1,2,0,1,3,0,0,12,0,1,0,0,0,0,0,0,0,0,0,0,0,0,15,0,0,0,0,0,0,0,0,0,0,0,2,2,0,0,0,7,0,2,0,0,0,1,0,0,0,2,0,2,0,0,0,0,0,0,0,0,0,18,0,0,2,0,16,30,8,0,0,0,10,3,33,99,3,0,9,110,0,23,17,0,0,0,4,254,0,7,0,0,110,0,0,0,0,0,0,3,2,0,0,208,0,0,0,0,360,0,0,0,0,0,0,0,23,2,4,0,0,0,0,0,2,0,0,0,0,0,0,0,0,0,0,0,0,0,7,8,0,0,0,14,7,0,0,222,0,0,0,0,0,0,0,0,0,0,0,0,658,0,0,0,0,0,0,1,0,3,0,302,754,0,0,41,0,0,0,0,134,0,0,0,166,0,0,0,0,0,0,0,1,1034,6,0,2,0,10,0,1,13,8,0,0,0,0,0,0,0,0,0,9,1,1,53,4,17,4,0,0,1,6,0,0,0,0,0,0,7,0,0,0,0,0,0,6,0,3
"3033",9,1,18,1,3,0,570,1,0,1,0,0,21,1,0,1,0,2,2,0,20,0,10,77,17,2,0,2,0,16,5,0,136,0,1,1,0,0,25,19,0,0,4,92,0,5,2,0,0,1,0,0,3,0,107,4,3,15,6,2,3,0,26,19,0,0,0,110,0,1,0,0,0,0,1,0,7,0,0,0,29,1,12,190,1,2,5,81,0,0,1,1,0,2,4,0,0,0,0,67,0,0,1,2,0,1,0,0,0,1,0,212,0,27,0,0,0,1,17,0,0,13,0,2,1,1,11,11,3,0,6,3,3,2,62,97,5,0,62,1083,1,10,8,0,0,1,0,225,0,10,4,0,28,0,0,0,5,0,0,0,1,7,0,87,0,0,0,0,671,247,19,0,0,0,0,0,23,2,2,0,0,0,0,0,3,97,2,0,0,0,0,0,0,0,1,5,28,3,3,0,2,0,0,41,20,0,0,72,0,0,0,0,0,0,0,0,0,0,0,0,319,1,0,0,0,81,0,0,0,8,0,199,0,0,0,10,0,0,0,0,45,1,0,0,25,0,1,2,755,0,0,0,0,0,0,1,12,0,33,0,5,25,15,5,6,0,2,2,1,12,3,9,1,3,3,0,4,2,2,0,0,2,1,2,1,3,0,4,0,1,0,6,2,4,1,2,16,0,7
"3034",21,0,15,1,6,1,496,1,0,2,3,0,86,0,1,1,0,27,3,1,410,1,6,20,3,6,25,1,0,33,16,0,12,1,0,1,0,6,176,18,19,0,5,73,3,42,4,0,30,1,5,1,7,0,14,0,0,0,0,4,0,1,9,27,5,1,0,48,0,20,2,1,147,1,16,2,104,8,0,0,0,4,12,55,2,5,3,28,1,21,1,0,2,0,8,26,176,7,5,13,0,7,3,1,126,5,3,1,1,3,0,274,0,117,2,12,4,3,97,57,0,2,0,0,0,0,1,4,0,7,0,0,16,2,431,24,1,0,77,518,0,12,4,0,0,0,0,84,0,1,0,53,8,0,4,4,142,11,5,1,1,1,0,146,0,0,0,0,202,0,39,0,0,14,6,16,12,2,0,0,134,14,0,0,1,4,0,0,3,1,0,0,0,2,0,8,26,679,10,0,3,0,0,0,115,0,0,1247,0,0,1,0,1,1,0,2,2,0,0,2,1079,2,0,0,1,6,0,14,1,2,0,100,517,0,2,51,4,2,2,9,36,0,4,0,0,0,1,2,747,1,18,20,29,922,10,1,14,1,5,0,7,0,19,0,2,0,52,2,0,0,4,30,10,0,0,134,1,3,0,6,2,6,3,0,1,3,9,85,1,40,103,0,5,10,11,0,21,2,69
"3037",34,0,0,0,3,2,139,1,0,28,0,0,84,2,1,0,3,5,3,1,22,0,4,48,3,0,15,2,0,25,19,39,19,0,0,7,0,0,15,4,4,0,0,0,1,0,5,1,17,0,1,3,0,0,24,0,1,9,1,3,2,0,59,21,2,0,3,20,0,24,0,0,0,0,0,0,21,0,0,0,0,1,43,252,1,3,25,18,6,0,0,2,3,0,7,4,7,0,11,252,3,2,1,1,0,0,1,0,0,2,0,242,0,85,0,10,2,0,0,0,1,3,0,1,0,5,0,5,1,0,0,0,4,1,39,8,2,21,60,526,1,4,2,10,9,6,0,585,6,16,0,0,196,0,0,0,0,0,1,56,0,3,0,0,1,23,2,446,429,0,0,15,0,0,0,0,7,0,0,0,8,7,0,0,4,0,0,0,5,0,0,0,0,2,0,1,43,0,5,0,0,8,0,0,0,0,3,4440,2,18,3,0,2,1,0,1,1,0,1,5,0,0,0,0,2,35,0,2,0,5,0,688,321,0,0,0,0,2,0,6,571,4,0,10,0,1,2,5,1015,2,0,0,0,0,0,12,0,9,0,0,0,0,0,3,2,0,2,0,0,0,0,1,1,0,3,16,0,0,1,3,2,4,0,0,3,3,0,23,1,73,0,4,4,12,51,0,7,1,1
"3038",0,0,0,0,0,0,12,0,0,7,0,0,11,0,0,0,0,0,0,0,1,0,0,0,0,0,0,0,0,2,44,0,1,4,1,3,5,0,2,0,35,0,0,7,1,49,0,0,0,0,10,0,0,0,4,1,0,3,0,3,10,0,0,20,0,0,0,24,0,0,0,0,5,0,1,0,0,0,1,0,0,1,10,6,0,0,5,4,6,3,0,0,0,0,2,0,14,0,4,0,0,0,1,0,0,0,0,0,0,0,0,9,0,20,0,0,0,0,1,415,4,32,41,0,3,21,33,6,4,14,7,3,3,1,9,2,0,25,113,103,1,22,13,0,0,0,0,154,0,0,6,0,7,0,0,0,0,0,0,0,0,0,0,43,0,14,0,266,288,0,0,98,9,0,0,0,5,0,0,2,0,0,5,1,0,16,3,0,42,4,0,0,0,0,0,0,2,0,2,0,0,0,0,6,50,0,0,851,0,1,0,1,0,0,0,0,0,0,1,5,42,1,0,0,0,77,0,0,2,0,0,6,37,1,1,34,11,2,2,3,2,0,2,0,0,0,1,1,512,3,0,0,0,0,0,0,3,16,7,1,8,11,22,5,4,0,15,2,4,2,3,0,0,0,0,59,0,5,1,0,4,0,0,0,1,2,0,0,4,358,26,0,0,0,1,0,0,0,1
"3039",4,0,3,1,2,0,195,0,0,3,1,0,34,0,1,0,0,9,15,3,5,0,0,1,0,0,2,0,0,0,0,0,2,0,0,0,0,1,5,1,28,0,0,3,1,0,1,0,7,2,0,7,0,0,9,1,0,5,0,2,0,0,0,22,0,0,0,204,0,1,0,0,0,0,2,0,4,0,0,0,0,0,10,2,0,3,0,3,0,7,0,0,0,0,1,2,0,12,16,0,0,0,0,0,0,0,0,0,0,1,0,11,1,42,2,0,0,0,0,121,4,42,9,0,0,102,0,74,1,17,0,5,2,0,30,0,0,78,104,111,0,3,1,0,0,0,1,106,0,1,3,0,0,0,2,3,157,0,0,5,0,0,0,28,1,1,2,261,187,1,0,3,0,0,0,0,65,9,0,221,1,1,7,0,0,10,0,5,0,0,0,0,0,0,0,54,40,0,1,0,3,0,0,0,0,50,0,1525,3,0,4,0,0,0,0,0,1,0,0,0,0,0,0,0,0,45,0,0,0,0,0,61,94,0,0,405,0,0,1,0,0,0,4,0,0,0,0,0,382,0,0,0,0,0,0,0,31,0,0,0,3,1,8,1,4,2,0,1,4,8,0,0,0,19,12,17,0,17,2,0,11,3,0,0,24,44,0,0,0,28,0,0,0,0,3,0,8,0,1
"3040",13,2,9,0,0,3,311,0,259,6,0,0,16,0,0,2,0,1,2,2,92,0,2,7,0,16,50,1,0,3,4,13,0,1,0,3,24,25,101,13,8,4,0,0,1,103,1,1,59,2,0,1,0,0,25,1,1,5,1,1,0,0,6,74,1,2,0,8,1,14,0,0,63,16,1,0,273,7,0,10,1,2,10,6,0,1,2,22,3,19,0,0,1,0,7,1,35,1,0,57,4,4,2,0,0,2,0,0,0,13,0,206,0,130,0,8,3,1,19,0,0,0,0,0,1,8,0,0,0,5,0,0,0,0,0,0,0,50,53,5,0,0,1,1,0,0,0,48,0,0,1,11,1,0,0,0,0,6,9,0,1,6,0,51,1,2,0,91,8,3910,70,106,5,8,2,1,0,0,0,28,14,6,55,0,0,2,9,5,47,1,0,4,3,1,1,1,34,7,0,0,0,0,6,0,14,6,0,72,0,0,0,0,0,0,0,0,0,0,0,0,0,0,0,0,0,0,0,0,0,0,0,12,8,0,0,3,2,0,0,0,0,0,0,0,0,0,1,0,32,0,0,0,0,14,0,0,7,0,87,0,4,0,4,0,1,3,11,3,0,0,4,0,0,0,0,0,0,0,0,2,0,0,0,0,0,1,0,3,2,3,5,0,4,12,5,0,3,0,170
"3041",0,1,0,0,0,0,49,1,0,4,0,0,16,0,0,1,0,30,12,3,16,0,0,0,0,0,22,0,0,16,1,0,9,0,0,10,1,4,133,0,413,0,0,0,0,0,1,0,0,0,0,0,0,0,5,3,11,2,9,0,2,53,1,1,0,0,0,231,0,4,0,0,0,0,6,0,25,0,0,0,0,3,7,7,0,4,5,239,8,5,0,0,0,1,9,2,0,2,0,0,0,0,9,0,0,5,2,0,2,2,1,93,0,85,0,7,3,3,52,18,0,12,25,0,8,8,9,61,1,6,7,4,0,0,222,0,0,72,58,1025,0,0,0,0,0,0,0,0,0,12,0,0,1,0,3,21,475,0,0,0,0,0,0,168,0,0,0,0,0,91,1,54,0,0,3,8,22,1,4,39,0,0,0,2,0,23,2,0,12,1,0,0,0,0,0,4,0,0,10,6,0,7,0,0,517,0,3,2958,1,6,8,2,1,0,0,0,0,1,3,3,13,0,1,1,4,0,0,5,2,0,0,0,1053,0,7,132,0,2,1,5,60,0,3,0,225,1,0,1,603,0,0,0,0,122,2,1,0,0,0,1,0,0,0,0,3,0,0,0,0,0,1,0,9,0,16,0,9,13,0,0,2,8,6,9,0,6,0,0,0,13,0,0,1,1,17,0,23,0,0
"3042",0,0,10,0,4,0,354,9,0,0,0,0,42,1,1,4,0,13,6,0,920,7,0,0,0,0,0,0,0,98,0,0,0,1,0,2,0,0,0,0,0,39,10,144,0,0,1,0,1,0,0,16,75,16,0,0,0,18,0,8,0,8,22,5,1,0,1,0,0,0,0,0,0,40,6,0,49,1,0,0,1,6,3,127,3,13,11,105,2,14,4,4,3,2,16,0,0,0,0,31,0,0,0,0,9,8,2,10,1,41,1,168,5,411,3,28,11,0,139,182,1,5,0,0,5,1,1,19,0,0,2,0,0,0,0,0,0,0,0,0,0,10,3,16,8,4,0,496,4,7,2,0,0,0,0,0,0,0,0,70,0,2,0,0,1,17,2,1626,0,0,4,0,0,1,10,57,11,2,1,0,95,1,0,1,3,0,0,0,0,0,38,1,6,0,4,0,0,0,5,2,0,0,0,0,0,0,1,6147,9,0,10,4,1,0,9,5,3,6,5,13,0,0,2,4,0,0,0,0,0,5,3,529,0,0,0,0,0,3,2,13,0,3,0,9,687,5,0,6,914,5,0,0,0,0,0,0,0,0,0,0,0,0,0,0,0,0,2,0,0,0,2,0,1,3,0,0,6,22,22,0,3,6,0,0,0,0,0,0,0,23,159,2,0,0,16,0,23,0,71
"3043",16,2,13,0,5,0,187,0,0,78,0,0,53,0,0,0,1,5,2,0,57,0,0,0,0,0,24,0,0,40,11,19,14,1,1,6,1,3,26,13,2,0,0,0,1,217,2,1,64,0,13,3,0,0,19,0,0,17,0,1,0,0,39,16,3,0,0,101,2,47,2,0,0,0,0,0,277,7,0,6,4,1,33,0,0,2,0,12,0,0,0,0,1,4,6,17,27,9,2,1766,0,0,0,0,5,6,6,0,3,2,5,302,0,522,1,6,5,5,14,0,0,5,0,0,0,0,0,1,0,0,0,0,8,0,45,0,0,0,0,166,1,3,0,0,0,0,1,36,0,1,0,0,154,1,5,5,244,5,2,0,0,1,0,0,0,1,1,22,106,3669,4,1,0,2,4,24,4,0,0,0,65,0,0,8,1,2,0,5,2,0,0,1,0,0,1,0,9,0,9,0,0,28,0,5,38,0,2,940,1,1,1,0,0,0,0,0,0,0,0,0,53,1,0,0,0,0,16,0,0,0,0,37,385,0,0,136,4,1,0,0,16,0,0,0,7,0,0,0,155,1,0,0,0,0,1,0,0,0,3,0,0,22,33,6,0,1,0,0,0,0,1,0,3,0,0,140,0,0,0,20,0,5,0,0,0,0,0,0,0,179,0,0,17,10,7,0,40,5,53
"3044",1,1,0,0,0,0,8,0,0,12,0,0,9,0,0,0,0,85,0,0,8,1,0,0,0,0,72,0,3,54,2,41,15,0,0,3,1,1,75,2,9,0,2,49,0,36,1,0,4,0,1,2,7,3,2,1,0,0,0,0,1,0,2,0,0,0,0,119,0,4,2,3,46,14,1,0,315,4,6,3,19,0,10,296,4,1,59,7,63,0,1,5,0,8,3,1,16,2,0,0,0,0,0,0,0,4,1,1,0,14,0,56,1,73,0,1,2,0,10,0,0,0,0,0,2,1,1,3,1,4,7,2,2,0,107,83,2,39,16,397,1,1,0,1,0,0,0,25,1,1,1,0,27,0,1,16,270,7,8,4,0,0,1,258,1,1,0,105,0,0,0,382,23,0,29,1,1,0,2,1,2,0,7,4,0,0,20,1,31,2,167,1,2,0,0,1,6,103,40,3,0,0,0,11,0,0,0,2335,0,0,2,1,2,2,3,1,3,1,5,2,253,0,0,2,2,30,0,5,0,6,2,363,159,1,0,0,0,5,3,1,289,2,0,3,60,1,0,0,777,0,0,0,0,0,0,0,0,0,3,3,62,0,0,2,6,0,0,0,0,3,0,0,2,0,0,33,1,0,0,0,3,2,1,0,13,14,0,43,0,7,42,0,1,4,2,0,8,0,14
"3045",50,0,30,1,20,3,1097,3,0,19,3,2,133,0,1,9,1,7,1,0,12,3,0,0,0,0,43,1,0,12,24,4,59,2,0,8,0,8,213,0,3,0,0,4,0,0,0,11,497,3,11,9,0,0,342,3,1,55,4,2,1,2,61,46,10,20,8,133,0,47,2,0,0,0,0,0,153,8,0,3,0,0,26,130,5,0,13,6,1,0,4,1,1,3,5,19,0,117,0,1,138,0,5,0,0,1,0,4,3,0,0,1883,1,210,0,0,8,0,9,0,0,1,0,0,0,0,0,3,0,0,0,0,15,0,14,0,0,0,0,74,0,3,0,0,0,0,0,149,0,0,0,0,105,1,3,10,245,1,0,0,3,0,0,0,0,2,1,75,0,0,0,0,0,0,0,0,10,0,1,0,79,0,0,0,0,0,0,0,0,0,0,1,37,0,5,0,7,0,32,5,0,0,0,0,0,0,0,0,0,0,0,0,0,0,0,0,0,0,0,0,1620,13,0,0,0,75,6,1,0,0,0,0,244,1,0,34,0,0,0,4,199,0,1,0,0,1,0,1,270,0,0,0,0,0,0,0,0,0,0,0,0,0,0,0,9,0,0,0,0,0,0,1,1,0,0,182,4,0,6,0,2,1,0,1,1,2,0,4,4,77,0,63,0,44,29,0,14,17,32
"3046",7,8,2,0,2,1,168,2,89,15,4,1,139,2,2,1,2,24,5,2,7,0,0,0,0,0,15,0,1,106,31,192,1,1,0,3,0,0,39,26,15,0,0,3,0,2,1,0,1,7,0,3,0,0,11,5,2,0,6,9,2,1,10,31,1,0,0,57,0,1,0,3,6,0,2,1,124,4,2,0,0,18,24,18,1,6,1,70,0,0,2,0,0,0,7,12,7,6,0,2,1,0,1,0,2,1,0,0,0,2,3,253,1,200,0,3,1,0,9,0,0,30,26,0,0,24,0,2,0,0,18,0,0,7,596,62,2,70,269,98,0,12,3,2,1,4,0,103,0,7,2,0,0,0,0,0,0,0,0,0,0,0,0,183,1,5,1,402,681,570,0,0,0,0,19,0,27,1,0,0,45,0,1,0,3,10,36,0,88,11,0,3,16,0,0,0,27,0,1,0,2,1,1,3,135,762,0,2048,3,0,3,1,1,0,0,0,0,0,0,2,0,0,1,1,2,8,0,0,0,1,1,137,158,0,1,44,0,1,0,1,0,0,0,0,2,0,0,0,178,0,0,3,0,11,0,0,0,60,117,0,0,11,11,0,0,90,6,13,3,0,0,1,3,1,0,0,2,5,0,0,22,0,4,1,0,2,0,11,1,49,0,0,5,16,9,1,42,0,29
"3047",0,7,0,1,1,1,22,0,0,10,0,0,38,0,1,0,0,33,2,5,12,0,1,8,0,3,14,0,0,1,6,0,18,0,0,0,91,0,29,14,18,34,10,182,0,14,4,0,17,1,0,2,8,1,23,0,0,0,0,1,0,0,4,6,0,0,0,20,0,6,0,0,0,0,6,0,186,5,54,5,0,7,19,17,1,21,2,129,4,29,2,0,0,0,0,0,1,6,3,6,0,0,1,1,0,0,0,0,0,2,1,142,0,105,0,0,0,0,11,149,2,0,0,0,6,0,0,5,3,7,0,1,0,0,12,144,0,258,117,585,3,5,1,0,0,0,0,86,1,3,0,0,123,0,0,7,147,1,0,0,3,0,1,105,1,8,1,271,0,0,0,0,0,0,39,0,2,0,3,121,53,0,3,5,2,1,0,9,171,30,0,0,28,3,0,24,0,0,1,2,0,3,1,0,8,0,0,2150,3,0,8,2,0,0,4,3,4,3,1,1,87,0,6,2,1,657,0,3,0,0,0,10,192,1,2,36,0,0,0,0,0,0,1,0,5,0,0,2,361,0,0,0,0,0,0,0,12,9,9,1,1,55,15,2,3,7,6,1,0,3,9,1,0,0,4,0,12,0,0,0,6,2,0,3,1,0,0,0,1,19,74,2,6,9,0,2,20,0,19
"3048",39,0,4,0,2,0,155,0,0,4,0,0,5,0,0,0,0,2,13,1,0,0,1,18,1,4,7,0,0,92,8,1,0,0,0,6,0,0,0,65,0,0,0,0,1,0,0,1,5,0,0,0,0,0,8,2,4,15,5,4,1,4,8,17,3,1,0,156,1,5,0,2,0,0,9,0,23,0,0,0,0,0,14,24,0,2,0,31,1,0,0,0,0,0,3,0,0,0,0,67,0,4,1,0,0,3,2,1,1,2,0,65,1,109,3,3,2,0,7,0,1,8,4,0,6,18,218,32,2,11,24,8,0,0,263,75,0,0,13,142,0,6,3,6,0,6,1,338,0,1,0,0,0,0,0,0,0,0,0,55,0,0,0,78,1,21,0,522,0,0,0,0,0,0,0,0,33,3,2,0,0,0,0,0,0,0,0,0,19,3,0,0,0,0,0,21,0,0,21,11,0,0,0,0,165,797,1,1083,0,5,10,1,0,0,0,1,2,2,0,1,154,4,1,2,1,0,0,1,1,0,0,2,181,0,0,13,0,0,0,0,0,0,0,0,8,0,0,1,430,0,3,40,11,311,0,2,0,0,0,0,0,0,0,0,2,0,0,1,0,0,4,0,10,2,1,0,4,15,1,0,2,7,40,6,7,20,0,0,3,22,0,1,0,3,39,0,6,0,22
"3049",11,0,7,0,2,0,110,0,0,3,0,0,8,0,1,0,0,1,0,0,37,1,1,27,0,4,13,0,0,0,4,0,2,0,0,1,4,4,1,8,25,9,0,16,1,86,0,0,4,0,0,2,19,2,1,0,0,1,0,1,0,0,11,7,0,1,2,13,0,4,1,4,1,0,0,0,32,4,0,1,64,0,9,27,1,7,2,11,4,14,1,0,0,0,0,1,0,0,2,47,0,0,1,1,49,0,0,2,0,5,0,0,1,35,0,0,6,0,0,3,0,0,0,0,1,0,0,1,0,1,0,0,0,0,10,0,0,0,0,0,0,1,0,1,0,2,0,23,0,1,0,8,0,0,0,1,8,1,0,20,0,0,0,0,0,0,0,18,78,0,0,0,0,0,12,2,8,1,0,0,6,0,0,0,0,4,0,0,0,0,0,0,2,0,0,0,0,50,5,0,0,3,1,0,11,90,0,657,2,0,1,0,2,0,3,2,0,0,0,0,0,0,0,2,1,0,0,0,0,0,0,6,223,0,1,38,1,0,0,0,0,0,0,0,0,2,1,0,191,1,12,16,18,178,0,0,0,2,0,0,2,3,8,0,0,1,1,0,0,0,0,0,0,0,0,7,0,1,1,0,0,0,0,0,0,1,0,21,1,7,0,0,2,3,3,0,10,0,11
"3050",10,2,5,0,0,0,90,0,0,31,0,0,28,1,0,0,0,58,2,3,162,1,35,111,7,8,67,1,0,25,18,3,29,3,1,13,29,5,130,21,1,0,0,61,0,45,3,0,6,3,0,1,1,0,23,1,1,3,1,3,1,0,8,6,0,0,0,66,0,21,1,0,7,0,6,0,47,3,2,2,0,4,61,10,1,49,1,323,1,23,0,0,2,4,14,18,14,1,9,54,0,0,0,5,3,3,2,3,1,21,0,222,2,521,2,18,5,1,9,0,1,23,4,1,1,2,6,0,0,3,6,3,1,3,6,42,0,17,71,286,3,6,3,1,3,2,0,51,0,0,0,0,22,0,0,2,59,0,0,141,0,0,0,171,3,2,0,341,181,0,102,155,10,0,2,0,5,1,2,22,21,1,9,3,0,3,5,0,66,6,5,1,4,0,0,12,23,105,25,0,0,4,0,8,21,0,0,0,0,0,0,0,0,0,0,0,0,0,1,0,1213,5,0,0,1,336,2,1,1,0,0,0,102,0,0,13,2,0,2,4,166,0,1,0,0,1,0,0,1184,2,0,0,0,0,0,0,0,10,0,2,5,3,23,0,3,0,0,6,1,3,1,0,2,2,2,38,5,1,0,1,4,1,0,0,2,7,3,72,3,53,39,0,1,9,7,1,19,0,3
"3051",4,2,5,0,3,0,245,0,0,5,2,0,68,0,1,1,0,21,1,0,44,0,0,0,0,0,11,0,0,30,20,9,9,0,1,3,0,0,0,7,6,0,7,147,0,145,0,1,41,2,0,6,0,0,1,1,0,36,1,4,0,1,15,69,0,0,2,163,0,0,1,7,0,1,5,0,181,7,0,2,0,0,14,13,0,2,1,7,1,4,0,0,2,1,50,13,0,0,0,38,1,0,0,0,0,23,1,6,3,1,0,621,0,429,1,11,7,2,26,0,0,4,4,4,2,13,22,3,1,1,1,0,7,5,46,117,6,0,0,303,1,49,30,0,0,0,4,491,2,1,0,0,98,0,0,0,0,0,0,504,1,0,0,110,0,0,0,0,0,0,0,0,0,0,0,9,13,0,1,0,0,0,0,4,4,3,0,0,4,0,0,3,0,1,1,0,0,5,5,1,2,0,0,4,432,0,1,3985,1,10,2,3,1,0,0,1,0,0,0,1,611,4,0,2,7,233,0,8,1,0,0,0,877,4,0,0,0,1,0,0,237,0,0,0,0,0,0,0,1,0,0,0,0,0,0,0,0,0,0,0,0,0,0,4,0,0,1,29,0,2,0,0,3,0,9,64,4,12,11,0,2,3,0,0,1,5,28,5,0,35,0,6,2,8,10,0,10,0,63
"3052",18,0,7,1,1,1,340,0,24,26,4,1,52,0,1,0,0,6,0,3,0,0,0,0,0,0,0,0,0,18,6,0,5,0,0,1,0,0,1,0,0,0,0,0,0,4,6,1,41,1,2,0,0,0,10,2,1,8,5,0,0,1,21,26,1,0,0,48,2,53,0,11,0,0,0,0,38,1,0,0,0,0,18,75,1,0,6,4,5,0,2,1,0,1,3,1,0,1,0,108,0,33,2,0,0,1,0,0,1,2,1,145,2,148,3,3,3,1,0,0,0,2,0,0,0,0,0,0,0,0,0,0,0,0,0,0,0,0,10,20,0,4,4,0,0,0,0,27,0,0,0,32,1,0,0,0,0,1,0,0,0,0,2,6,0,1,0,94,15,9475,0,0,0,0,1,5,0,0,0,0,3,0,0,0,0,0,0,0,0,0,0,1,2,0,0,0,16,0,0,0,0,8,4,0,21,228,0,689,0,0,1,1,0,0,3,2,1,0,0,0,0,0,0,0,0,0,0,1,0,0,0,14,2,0,0,4,0,0,0,0,0,0,0,0,0,0,0,0,29,0,0,0,1,29,0,0,0,0,0,0,0,0,0,0,0,0,0,0,0,0,0,0,0,0,0,8,0,0,0,1,0,0,0,0,0,0,0,0,4,59,0,0,3,23,11,0,0,3,2
"3053",16,0,21,0,16,3,832,1,0,21,0,0,61,1,2,0,0,10,6,0,200,1,31,56,10,22,77,1,0,64,0,0,0,3,1,6,0,0,0,2,0,0,0,3,0,0,0,0,22,12,0,0,21,4,12,0,0,62,0,2,2,1,4,39,1,0,0,52,0,0,0,0,0,0,0,0,32,2,0,1,0,0,0,80,0,7,7,134,12,18,1,0,1,0,20,0,0,0,9,11,0,0,0,7,0,1,8,1,1,33,0,116,0,241,0,6,4,3,34,19,3,1,18,0,5,1,3,6,1,1,0,0,8,0,0,37,0,0,21,0,0,10,5,0,0,0,0,106,0,3,1,0,58,0,0,0,0,0,1,69,0,1,0,85,0,4,1,355,239,0,4,6,0,1,3,0,14,1,0,0,20,0,0,1,0,7,0,0,0,0,0,0,1,1,1,1,0,0,17,3,0,22,224,0,6,0,0,2677,2,4,0,0,0,1,1,3,0,1,1,6,76,1,0,0,0,11,0,5,0,0,0,29,139,1,0,51,0,1,3,2,0,1,1,1,0,0,0,0,463,1,0,0,0,0,0,2,0,5,5,0,8,24,30,0,2,0,1,2,0,0,0,6,4,1,2,97,0,12,6,0,0,2,0,7,3,6,0,0,0,30,0,5,0,0,0,0,48,0,426
"3055",3,3,1,0,2,1,118,0,0,8,0,1,4,0,0,0,0,6,0,0,50,0,0,0,0,0,0,0,14,12,2,4,10,0,0,2,24,0,12,0,207,0,0,0,1,104,4,0,29,1,3,1,0,0,7,1,0,22,1,0,0,0,14,6,2,2,1,44,4,21,0,6,0,2,19,1,332,14,0,12,1,0,5,97,2,1,6,55,2,53,5,0,0,0,1,6,0,3,4,0,0,2,0,0,0,1,0,1,4,2,0,61,0,69,0,3,1,0,6,3,0,0,0,1,0,0,2,1,0,0,0,0,0,1,111,16,0,6,0,116,0,4,3,0,0,0,1,34,0,0,0,0,13,0,1,17,299,1,0,0,1,0,0,34,0,0,0,0,283,0,6,90,3,1,1,3,3,0,0,0,4,1,20,0,0,1,2,0,21,3,204,1,0,0,0,2,25,0,17,0,0,0,0,0,64,308,0,0,0,0,0,0,0,0,0,0,0,0,0,0,195,1,0,0,1,9,0,1,0,2,1,106,206,0,0,0,6,0,0,1,0,0,0,0,59,0,0,1,177,0,1,0,0,449,0,1,0,0,2,0,10,10,37,0,0,1,3,1,0,0,1,0,0,0,0,79,0,0,0,1,2,2,0,0,0,0,0,94,1,21,8,0,1,5,2,0,7,1,9
"3056",12,0,21,1,23,1,926,2,0,5,2,0,20,0,0,0,1,15,3,0,6,0,0,0,0,0,16,0,0,143,10,5,4,0,0,0,0,0,32,0,12,0,0,0,0,0,0,1,23,0,21,13,2,1,85,0,0,11,4,14,0,2,14,35,1,1,0,38,0,9,0,0,12,0,0,0,13,2,0,0,0,8,6,0,0,6,0,36,0,0,0,0,0,0,7,2,0,0,0,0,0,0,0,0,0,4,0,1,2,12,2,76,0,96,2,17,1,10,53,0,0,4,0,0,0,1,2,7,0,8,1,0,2,0,158,5,0,0,73,233,2,10,7,2,1,1,2,116,3,0,0,127,61,1,0,3,73,0,0,0,0,0,1,248,0,7,2,475,841,0,0,3,0,1,0,9,14,2,4,16,0,0,0,3,0,0,7,0,0,0,0,1,0,0,3,2,0,0,1,5,1,0,0,82,609,0,1,3136,2,0,3,1,0,0,1,3,1,0,2,5,509,3,0,1,7,80,0,16,4,1,1,110,870,1,0,0,105,2,2,13,0,1,0,2,0,0,0,2,899,2,0,0,0,0,0,1,0,0,0,0,0,64,26,0,0,0,2,4,0,0,1,3,8,0,0,0,0,11,3,0,5,1,0,1,6,12,6,12,0,44,0,59,0,4,11,0,9,0,8
"3057",0,0,23,1,12,0,636,1,0,4,0,0,38,0,0,1,0,7,6,0,43,3,13,49,9,0,38,0,0,4,2,0,0,0,0,0,0,0,0,0,0,0,0,0,0,0,0,0,0,0,0,4,0,0,0,0,0,3,0,0,0,0,146,0,0,0,0,1,0,0,0,0,0,0,0,0,18,2,0,2,0,3,4,0,0,3,0,139,0,0,0,0,0,0,0,0,0,0,0,2,21,0,0,1,0,0,0,0,0,0,0,0,0,0,0,0,0,0,0,0,0,5,33,2,0,0,0,0,0,0,0,0,0,0,0,1,0,1,126,0,0,8,2,1,1,1,0,177,2,9,0,0,0,0,0,0,0,0,0,89,0,0,0,263,0,0,0,0,0,0,0,0,0,0,0,0,13,0,1,0,0,0,0,0,0,0,0,0,0,0,0,0,0,0,0,0,0,0,1,0,0,0,1,0,66,0,0,2020,1,0,3,2,0,1,1,0,1,2,8,1,0,0,0,1,0,0,0,1,1,29,9,2054,295,0,4,79,0,1,0,3,2,7,0,9,80,2,0,2,1616,0,0,0,0,0,0,0,0,0,0,0,0,0,0,0,0,0,0,1,0,1,0,0,3,1,0,0,0,12,14,0,1,2,0,0,0,1,0,0,0,30,0,0,0,0,0,0,3,0,17
"3059",8,2,4,0,1,0,22,0,0,6,3,0,46,0,1,0,1,124,1,1,0,0,0,0,0,0,0,0,7,18,1,68,14,2,0,7,0,5,32,0,0,50,0,2,0,337,2,0,2,0,2,0,15,1,21,0,0,61,0,3,4,0,9,28,1,21,1,262,4,18,0,63,44,2,4,1,763,41,0,13,117,0,22,32,0,0,5,40,2,32,0,2,0,5,4,11,8,1,3,0,0,3,0,0,55,17,4,2,4,19,0,251,1,196,4,3,20,1,27,32,0,1,0,0,6,0,0,0,0,0,0,1,0,0,18,0,0,16,65,530,1,3,0,0,0,1,1,53,0,0,0,0,146,1,0,0,0,0,1,0,0,0,0,131,0,14,1,232,527,0,3,102,6,0,0,16,2,0,0,0,9,0,0,1,0,0,0,0,10,0,71,1,1,3,0,2,0,0,11,0,0,7,0,5,1,0,0,0,0,0,0,0,0,0,0,0,0,0,1,0,1822,10,0,0,4,131,59,12,0,0,0,0,1068,1,0,0,26,0,0,5,71,0,0,0,0,0,0,0,520,0,0,0,0,0,0,0,0,0,0,3,14,0,20,3,0,1,0,3,1,4,0,0,1,0,0,101,0,1,0,2,5,2,1,1,2,3,10,129,3,46,67,0,1,11,4,0,11,0,28
"3060",83,6,18,3,9,2,721,2,0,2,0,1,22,0,1,3,1,27,3,0,24,1,0,0,0,0,10,0,0,76,9,0,16,0,0,2,0,0,0,3,4,18,1,17,2,133,0,0,8,0,0,2,0,0,52,0,0,18,0,4,0,1,21,28,2,1,0,27,0,20,0,0,79,0,13,0,24,0,0,0,0,12,13,7,0,4,1,66,1,55,0,0,0,1,5,35,8,0,39,27,0,9,0,0,0,3,0,1,0,2,2,123,1,287,1,6,2,1,38,259,0,3,8,2,1,1,1,3,12,2,4,1,0,0,163,0,0,0,0,1,0,9,1,13,10,6,0,583,3,4,0,0,111,3,0,0,0,0,1,54,1,0,0,66,0,0,0,0,0,0,0,1,0,0,0,3,14,0,1,67,0,0,0,2,0,2,0,3,0,0,0,0,0,1,3,9,21,21,0,1,0,0,0,0,0,0,0,0,0,0,0,0,0,0,0,0,0,0,0,0,0,0,0,0,1,31,9,56,0,12,3,624,1504,0,14,290,0,0,0,14,0,9,19,6,0,6,7,3,2848,3,0,0,0,0,0,0,0,0,4,0,51,0,3,1,2,0,3,0,1,7,0,1,0,2,4,62,5,0,3,0,2,0,2,0,0,2,0,8,1,16,0,1,0,10,9,6,49,0,2
"3062",2,0,0,0,0,0,0,0,0,2,0,1,10,0,0,0,0,0,10,0,0,0,0,0,0,0,0,0,0,0,5,0,0,0,0,0,0,0,0,0,0,0,0,0,0,0,0,0,0,0,0,0,0,0,0,0,0,1,0,0,0,0,0,3,0,0,1,1,0,0,0,0,0,0,0,0,0,0,0,0,1,0,0,1,0,1,0,15,0,0,0,0,0,0,0,0,0,0,0,1,0,0,0,0,0,0,0,0,0,0,0,1,0,1,0,0,0,0,0,0,0,0,0,0,0,0,0,0,0,0,0,0,0,0,1,1,0,0,8,80,0,30,12,11,10,6,0,966,2,0,1,0,1,0,0,4,56,0,0,0,0,0,1,1,0,0,0,79,1,1,0,0,0,0,0,0,0,0,0,0,0,0,0,0,0,0,0,0,0,0,0,0,0,0,0,0,0,0,0,0,0,0,0,7,373,0,0,545,0,1,1,1,0,1,0,0,1,0,0,2,85,1,0,0,0,0,6,2,7,8,2,893,56,0,2,2,0,0,0,0,3,0,0,1,0,0,0,0,16,0,0,1,0,85,2,0,1,1,0,0,0,0,0,0,2,0,0,11,0,2,0,0,0,0,0,0,0,0,0,0,0,0,0,0,0,0,0,0,0,2,0,2,0,0,0,0,1,0,0
"3063",68,0,1,0,1,0,47,0,0,12,1,1,36,1,1,0,0,0,3,1,186,0,0,0,0,0,0,0,0,7,2,28,6,0,0,2,0,0,3,2,0,0,0,0,0,0,1,1,27,0,0,1,0,0,29,1,0,1,2,0,1,1,85,13,0,0,0,63,0,5,0,0,0,0,0,0,6,0,0,0,0,1,2,8,1,0,4,0,3,0,0,0,0,0,0,8,0,0,2,0,46,0,0,0,0,0,0,0,0,0,0,8,0,28,0,1,0,0,2,0,0,1,7,1,3,1,0,1,0,0,0,0,2,0,8,0,0,0,21,62,0,3,3,0,0,2,0,286,0,0,3,0,110,7,0,0,0,0,0,0,0,1,0,69,1,0,0,361,216,0,0,0,0,0,0,1,12,1,0,20,0,0,0,0,2,2,5,0,0,0,0,1,0,0,0,4,25,0,8,0,0,9,0,3,91,0,1,4368,2,0,8,2,2,0,0,3,1,1,2,4,1065,5,0,0,2,0,1,7,1,3,1,263,299,1,0,0,1,1,3,6,8,4,0,1,0,1,2,2,1181,4,0,0,0,0,0,1,0,8,0,1,0,0,0,0,0,0,0,0,0,0,0,0,0,0,0,37,1,1,3,0,0,0,2,0,1,10,0,5,1,31,0,42,0,0,3,2,4,0,0
"3064",2,0,2,0,9,1,78,0,44,97,0,1,19,0,0,0,0,13,0,0,2,0,26,108,2,1,34,2,3,8,14,0,8,0,0,0,0,2,31,1,9,0,0,4,1,183,1,0,30,1,1,0,51,8,7,2,0,4,3,3,0,0,11,126,1,22,1,54,1,10,3,14,183,1,0,20,1254,93,1,11,16,0,20,15,1,0,5,9,3,3,0,0,2,2,6,6,21,5,3,91,5,29,3,2,9,6,0,3,4,10,0,60,0,225,3,4,11,2,8,3,0,0,0,1,0,0,0,0,0,1,0,0,0,0,2,0,0,20,32,57,0,4,1,0,0,0,0,25,0,0,1,0,77,0,0,0,0,3,1,0,0,1,0,99,0,0,0,63,94,5615,7,56,4,1,10,8,1,0,0,10,12,1,2,0,0,1,0,4,5,1,15,0,5,2,0,5,17,3,61,0,0,1,2,0,0,70,0,1092,4,0,5,2,1,1,7,3,1,0,1,0,0,0,0,0,0,0,0,1,0,2,0,47,52,0,0,0,0,0,0,0,0,0,0,0,0,0,0,0,141,0,0,0,0,0,0,0,0,0,2,0,0,8,0,0,1,2,0,15,1,0,6,2,0,0,0,7,0,0,0,6,0,1,0,0,0,0,8,0,1,48,4,0,1,64,7,0,15,7,25
"3065",0,3,0,0,0,0,4,0,114,0,0,1,6,0,1,0,0,0,19,0,0,0,7,4,0,0,0,0,7,1,54,0,5,0,0,0,6,2,148,20,48,0,0,0,1,13,0,0,0,0,0,2,2,0,19,4,0,2,0,5,3,0,0,124,0,0,0,101,0,1,0,0,0,0,5,0,15,2,0,0,0,2,6,15,1,0,0,10,0,5,2,0,0,0,0,3,0,0,2,0,0,0,9,0,60,1,0,0,0,5,0,19,1,29,2,0,5,0,3,35,17,110,42,0,26,25,0,294,23,0,11,73,17,11,178,97,2,65,77,99,0,9,2,1,0,0,0,69,0,11,18,1,0,0,0,0,0,0,0,0,0,0,0,49,0,6,10,654,65,17,7,0,0,4,0,0,45,4,1,391,20,2,0,1,2,0,0,0,74,4,0,0,0,0,0,0,15,0,6,12,1,6,0,0,164,4,0,337,0,0,0,0,0,1,1,0,1,0,0,0,0,0,0,0,0,128,10,0,0,4,0,172,148,2,6,385,0,0,1,1,0,2,0,0,3,0,2,0,230,0,10,28,11,70,1,1,31,105,0,1,22,2,22,0,30,0,7,2,1,2,2,1,0,13,20,92,1,4,0,0,14,2,5,0,3,9,0,0,1,14,0,0,0,2,0,0,3,0,3
"3066",25,2,0,0,0,0,0,0,0,32,0,0,22,0,0,0,0,25,8,0,247,0,16,193,11,12,101,2,0,56,19,112,2,1,1,2,0,0,0,155,1,48,11,216,0,54,0,2,37,1,5,0,100,10,13,0,0,38,0,0,1,0,15,19,2,26,7,21,0,23,1,2,0,0,0,2,288,4,0,3,1,0,37,0,0,0,0,0,0,0,0,0,0,2,2,6,23,0,3,0,248,21,1,5,230,3,0,3,0,0,1,81,0,313,3,4,6,0,22,39,1,13,0,3,0,2,5,5,1,0,0,0,0,0,90,0,0,0,0,0,0,0,0,0,0,0,0,0,0,10,1,0,0,0,0,0,0,8,3,187,1,0,0,0,1,5,0,157,0,1,5,7,0,8,0,38,11,1,0,0,7,2,0,3,0,4,0,0,0,0,0,0,12,0,0,0,0,467,15,0,1,0,0,0,0,0,0,0,0,0,0,0,0,0,0,0,0,0,2,0,2773,14,0,0,2,179,47,14,0,0,0,87,1296,9,0,0,0,0,1,5,127,0,0,1,146,3,5,1,854,0,0,0,0,0,0,0,0,0,0,0,0,0,0,0,1,5,5,2,0,0,1,0,0,0,0,20,0,2,4,0,0,0,1,0,0,1,16,114,0,41,66,0,11,23,0,2,66,1,141
"3067",0,0,1,0,1,1,82,0,0,37,0,0,66,0,0,0,0,9,0,0,1,0,0,0,0,0,2,0,0,76,13,0,44,0,0,3,0,0,0,0,0,13,3,43,0,3,0,0,0,0,4,0,2,0,20,2,0,0,3,3,0,0,0,30,0,0,0,25,0,0,0,0,0,0,2,0,44,0,0,0,0,0,53,31,1,4,8,42,8,13,0,2,0,1,7,1,0,0,0,0,0,0,0,0,0,1,0,0,0,2,1,172,1,271,3,1,7,0,20,0,0,3,0,0,0,0,0,3,1,0,0,0,4,4,0,15,4,4,172,1414,4,9,7,0,0,0,0,109,0,2,5,0,0,0,0,1,6,0,1,0,0,0,5,244,2,4,0,370,161,0,0,5,0,2,0,0,3,0,0,0,20,0,0,1,0,0,0,0,0,0,6,0,0,0,0,9,65,0,40,0,0,0,0,3,172,0,0,3096,0,0,12,2,0,1,3,8,4,5,1,7,655,1,3,4,2,80,0,4,1,0,0,185,184,0,0,27,0,1,7,15,0,1,0,1,617,1,1,14,1271,2,0,0,0,1,0,6,0,0,0,5,0,13,0,0,0,0,10,4,2,0,0,5,1,2,4,52,1,19,0,0,0,0,0,0,0,0,1,0,0,39,25,0,9,0,28,1,14,0,0
"3068",5,5,1,0,0,1,50,0,271,27,2,0,96,2,0,1,1,8,1,0,27,0,9,64,9,12,54,1,1,18,37,4,1,3,0,2,22,1,19,12,173,14,0,6,0,45,2,0,11,3,2,2,0,0,51,0,1,1,1,1,0,0,3,19,1,0,0,17,3,4,2,0,3,1,1,0,2,0,23,0,9,4,52,19,0,4,1,17,0,3,0,0,0,2,9,4,2,14,20,0,0,1,0,2,0,2,2,0,3,6,2,312,0,108,2,2,2,0,6,192,2,0,1,0,1,2,0,1,0,0,0,0,1,0,27,1,0,143,165,14,0,39,24,0,1,0,3,471,0,3,0,0,4,0,0,0,0,1,0,0,0,25,0,116,0,15,0,326,21,48,42,85,4,0,4,1,3,0,0,116,44,4,47,0,0,8,15,6,130,12,4,3,7,0,0,40,59,36,1,0,0,12,0,4,31,45,0,51,0,0,0,0,0,0,0,0,0,0,1,0,543,1,0,0,0,30,0,1,0,0,0,13,77,0,4,48,0,0,2,2,0,0,2,0,0,1,1,2,646,2,0,0,1,22,0,1,0,18,38,0,39,9,6,3,17,14,0,10,1,0,0,0,2,3,0,0,0,0,0,1,7,1,0,0,1,0,0,18,0,90,6,0,2,3,3,5,19,0,9
"3069",13,0,19,0,18,3,429,1,0,0,1,1,47,0,0,0,1,2,2,0,0,1,0,0,0,0,9,0,0,12,8,0,0,0,0,4,0,0,33,4,0,0,0,4,1,0,0,4,2,0,0,4,0,0,4,2,0,2,2,0,2,0,17,17,0,0,0,36,1,5,0,0,0,1,0,0,6,0,0,1,0,1,14,0,0,0,0,13,2,0,0,0,0,0,1,4,0,2,0,33,0,0,2,0,0,0,0,0,1,0,0,58,1,69,1,0,1,1,0,0,0,1,0,1,0,0,0,4,0,0,0,0,3,2,124,27,0,1,4,139,0,3,0,0,1,0,0,32,0,1,1,58,14,1,4,3,83,0,0,0,0,0,2,45,0,0,0,7,166,0,0,0,0,10,1,2,10,2,1,0,4,2,0,0,1,1,0,0,0,0,0,0,0,0,1,0,3,0,4,5,0,1,0,10,3,0,0,302,1,0,0,0,0,1,0,0,1,1,0,0,0,0,0,0,0,0,3,2,0,0,0,12,95,0,1,6,0,2,7,1,74,0,0,0,0,0,1,0,601,0,0,0,1,23,0,0,5,4,4,0,0,0,2,0,2,0,0,0,0,0,0,0,0,0,2,35,1,0,0,2,2,1,0,0,0,0,3,0,0,104,3,10,0,2,10,0,5,0,4
"3070",5,3,10,2,16,2,624,0,20,1,0,0,6,0,0,4,0,351,0,3,1,3,0,0,0,0,1,0,2,64,3,2,44,0,1,5,0,0,42,49,0,0,0,0,0,45,6,1,21,3,0,1,0,0,30,2,1,2,3,3,0,0,12,59,0,0,0,61,0,14,0,1,0,0,1,0,8,1,0,0,0,2,2,52,3,0,9,61,8,44,4,3,2,4,15,1,3,4,0,3,0,40,2,0,0,6,4,0,1,15,10,122,1,875,1,6,5,3,34,0,0,1,0,0,0,1,0,1,0,0,0,0,0,0,0,0,0,30,31,0,0,0,2,0,0,0,0,27,0,0,0,16,0,0,0,0,0,0,0,0,1,1,0,7,0,4,1,442,123,525,0,9,0,3,13,9,1,0,0,17,20,1,0,0,4,2,0,0,0,0,0,0,4,0,3,106,5,0,7,0,0,35,0,3,302,455,0,1260,0,0,1,0,0,1,0,2,0,2,0,0,386,2,0,0,0,0,0,2,2,2,0,61,189,0,17,404,0,0,0,0,0,0,0,0,0,0,0,0,21,0,0,0,0,0,0,1,0,2,0,0,2,6,12,27,4,0,0,0,0,0,0,0,0,0,0,10,1,2,0,0,0,2,0,0,2,6,0,0,0,31,0,0,1,4,1,1,4,0,14
"3072",7,3,0,0,0,3,29,0,272,34,0,0,31,0,0,0,1,18,0,3,74,0,0,0,0,0,2,0,3,57,18,27,5,0,0,6,68,5,63,1,10,0,4,72,0,53,0,3,18,0,6,1,0,0,49,1,1,12,7,3,0,0,8,28,0,0,0,45,0,13,0,0,0,2,1,0,4,0,10,0,1,1,26,28,1,11,6,53,1,5,0,0,2,2,18,26,17,9,6,42,2,2,3,0,16,8,3,1,6,8,1,343,1,279,6,12,11,3,2,0,3,0,14,1,4,0,0,1,1,6,1,1,0,0,17,25,0,94,129,290,0,8,0,0,0,0,1,73,0,1,1,0,162,2,0,0,0,0,0,0,1,0,1,266,0,0,1,82,0,0,0,137,1,1,24,0,1,0,1,0,17,0,7,1,0,5,11,1,79,9,0,0,9,0,0,4,12,0,5,0,4,14,0,27,275,250,0,1372,0,1,2,0,0,1,0,3,1,1,0,0,0,0,1,1,0,60,0,12,2,0,0,0,788,0,8,257,0,1,0,2,0,0,0,0,7,0,0,0,256,0,0,0,0,0,0,0,10,7,4,0,4,11,29,4,1,4,0,0,0,1,0,0,1,0,1,7,2,0,0,0,1,1,0,0,1,0,5,117,0,48,57,0,1,8,12,2,65,2,2
"3074",96,8,2,0,0,0,59,0,0,31,0,1,23,1,0,3,1,11,2,1,26,1,0,6,0,1,3,0,17,20,3,8,45,3,1,7,22,1,32,2,42,0,1,34,0,28,5,1,57,16,4,3,0,0,33,1,4,36,2,8,0,0,12,53,5,5,3,223,5,46,15,0,206,5,3,0,1799,35,65,21,164,1,41,6,0,20,5,77,9,22,0,2,2,22,24,31,18,0,15,201,0,10,1,0,44,21,6,0,4,10,2,272,3,290,0,16,14,2,42,13,0,5,0,2,11,1,0,1,0,1,0,3,5,0,33,0,0,15,28,514,3,9,6,0,0,0,0,173,0,1,0,41,1,1,1,9,219,0,0,2,1,1,1,78,0,9,0,260,293,539,19,40,0,0,10,8,11,0,1,43,8,0,10,5,1,0,10,9,8,2,155,6,4,17,0,2,36,63,7,0,1,22,1,0,131,0,0,1102,1,2,5,1,1,0,0,1,1,3,0,1,813,4,1,1,0,109,10,1,2,0,0,193,96,1,0,0,0,0,2,3,366,4,0,0,0,1,0,1,467,1,0,0,0,0,0,2,1,0,0,4,0,5,19,5,3,7,2,0,0,8,1,2,1,0,0,656,8,2,1,12,4,2,1,3,0,2,7,20,1,42,0,0,3,36,18,2,24,4,21
"3075",2,1,8,1,2,0,153,0,0,29,0,0,9,1,0,2,0,117,3,2,27,3,0,11,1,10,8,0,0,19,2,3,30,0,0,0,0,0,57,0,9,0,0,24,0,118,2,0,9,0,0,3,0,0,3,6,4,4,2,5,0,0,3,47,1,5,0,124,0,24,0,0,0,10,0,1,856,36,5,13,6,1,8,101,2,9,3,97,1,41,2,4,0,9,6,55,8,0,3,46,4,1,7,0,107,9,0,1,3,4,2,91,1,431,1,1,3,0,1,0,0,0,0,0,0,0,0,3,0,1,0,0,2,1,266,13,0,61,20,190,0,3,0,0,0,0,0,19,1,1,0,0,4,0,0,0,60,0,1,0,1,0,1,66,1,0,2,98,0,0,0,0,0,0,0,3,1,0,1,46,74,0,51,0,0,10,2,0,0,0,0,1,5,13,0,0,18,309,4,0,0,16,0,57,147,1491,0,1114,0,0,2,1,1,1,1,0,0,1,0,5,498,0,1,0,0,42,0,0,4,4,2,267,0,0,1,92,109,1,0,9,3,1,7,2,2,7,20,1,2035,7,31,28,19,1219,12,0,0,8,0,3,13,0,22,0,0,3,0,0,0,0,0,0,0,0,0,248,1,1,0,7,0,7,0,0,0,0,3,22,4,72,11,0,2,5,5,0,14,1,150
"3076",4,1,12,0,7,2,157,1,0,11,1,1,11,0,1,0,0,8,1,2,0,0,4,11,0,0,20,0,3,66,3,165,19,0,0,2,1,2,12,3,1,0,9,142,0,0,2,0,26,0,1,0,19,2,13,1,0,2,1,0,0,0,6,10,1,1,0,150,2,21,2,10,0,6,0,2,151,20,1,0,55,0,7,0,0,6,0,32,1,47,0,0,0,1,2,148,38,1,1,0,111,26,1,1,41,6,0,4,1,10,4,38,0,186,5,1,23,0,6,18,0,2,0,1,4,0,7,0,0,0,2,0,3,0,112,3,1,15,90,132,0,13,3,0,1,3,0,156,0,0,0,0,333,3,6,2,80,2,3,11,0,0,0,89,0,0,0,149,248,0,0,96,0,0,0,9,3,0,0,5,26,0,1,0,0,0,4,2,0,0,0,0,0,1,0,2,22,2,43,0,1,4,2,0,92,151,0,1045,1,0,6,2,0,2,3,2,1,0,1,1,0,0,1,3,0,20,0,1,0,0,0,5,104,0,0,25,0,3,1,0,0,0,0,0,17,0,0,0,245,2,1,4,4,154,2,0,0,9,1,1,1,5,9,2,1,0,5,1,0,0,5,1,2,0,0,189,2,1,0,1,0,1,0,0,0,0,0,0,0,29,37,0,4,21,7,0,11,0,35
"3077",18,0,16,1,9,6,842,4,0,12,1,0,59,0,1,5,0,0,0,0,5,1,2,4,2,5,27,0,0,47,7,0,15,0,1,2,0,0,0,0,0,0,0,0,0,3,0,3,10,0,5,10,99,21,130,6,2,41,10,3,2,4,19,18,1,0,1,116,0,17,0,0,0,0,22,0,98,1,0,1,1,11,14,8,0,0,1,7,12,0,0,2,0,0,4,49,0,0,0,0,0,25,2,0,0,4,0,0,1,36,0,448,1,87,0,0,2,0,19,0,0,7,0,0,0,0,0,3,0,0,0,0,5,0,0,0,0,0,0,0,0,0,0,0,0,0,0,0,0,0,3,612,0,0,6,9,273,0,0,0,0,0,0,0,3,3,2,200,0,0,0,3,0,0,0,0,0,0,0,0,0,0,0,0,3,0,0,0,0,0,0,3,0,1,0,6,0,0,36,0,0,0,1,8,13,0,0,0,0,0,0,0,0,0,0,0,0,0,3,0,3127,38,0,0,0,0,0,0,1,9,2,500,39,0,0,9,0,0,5,10,0,1,1,3,0,1,1,1,1700,2,29,100,21,1270,15,2,0,8,0,0,0,0,0,0,3,0,0,2,0,0,0,0,3,1,8,0,4,8,0,0,4,0,0,0,6,4,0,0,2,46,0,3,0,8,17,0,6,0,68
"3078",10,9,17,1,21,5,589,1,0,29,1,0,44,0,1,2,2,50,0,1,186,1,0,0,0,0,39,0,4,52,49,14,20,1,1,16,41,1,50,8,0,32,0,11,0,356,39,3,60,22,6,2,3,0,15,0,0,72,3,4,0,0,9,36,1,64,9,216,1,36,0,13,0,68,5,1,132,7,2,0,1,2,13,63,0,18,22,68,13,4,0,2,1,2,11,37,4,14,9,121,151,30,1,0,6,13,0,1,1,11,5,322,1,332,8,1,8,1,24,0,0,6,0,1,1,0,0,1,0,0,0,0,4,0,5,0,0,15,80,115,0,4,3,0,2,0,0,39,1,1,1,191,28,0,0,0,0,2,0,0,0,0,1,87,1,1,2,120,96,0,1,12,2,0,3,39,3,0,0,6,63,3,7,2,0,4,12,1,6,0,220,0,3,3,2,0,42,615,14,0,0,9,41,2,45,509,0,1409,0,1,0,0,3,0,1,1,2,1,0,1,194,2,0,0,0,31,0,0,0,2,0,367,0,0,20,174,20,0,0,4,0,1,4,2,0,3,0,0,251,0,0,0,0,178,7,0,0,0,0,0,26,62,18,0,3,4,6,396,0,0,4,30,1,0,0,441,4,1,0,3,2,2,0,0,0,0,7,5,2,63,63,0,20,26,7,0,61,5,307
"3079",26,4,12,0,8,0,574,3,102,38,1,0,25,1,1,3,1,3,6,4,110,2,0,0,0,0,0,0,0,51,15,0,10,1,1,2,0,0,0,0,0,0,0,0,0,48,5,0,38,0,2,6,110,26,5,0,0,10,2,5,0,2,140,50,0,2,0,20,2,0,0,0,0,0,0,1,12,1,0,0,0,1,29,111,2,2,20,3,8,30,0,4,0,0,3,14,0,0,0,9,14,0,0,0,0,3,0,3,0,0,0,291,2,103,1,7,3,0,22,5,0,11,3,5,0,1,1,3,0,0,0,1,12,0,28,0,0,0,50,301,1,0,0,0,0,0,0,0,0,2,1,0,95,0,0,4,150,5,1,0,0,0,2,68,2,4,1,470,0,0,0,0,0,0,0,0,16,0,0,1,0,0,0,1,0,0,0,0,0,0,0,0,0,0,1,0,0,0,1,1,0,0,0,0,106,0,0,3545,2,0,6,0,3,3,4,4,3,4,1,2,131,2,2,3,1,0,0,8,0,1,2,176,618,5,12,126,0,2,2,4,0,1,1,1,10,0,1,0,594,0,4,35,10,112,1,0,0,0,0,0,0,2,5,0,0,0,3,1,0,0,1,1,9,1,0,0,0,4,3,0,0,2,0,2,0,0,0,0,3,37,0,11,0,6,18,1,8,0,150
"3080",21,1,20,0,5,26,464,3,15,3,0,0,8,0,0,3,1,1,0,0,103,0,1,0,0,0,0,0,0,1,1,0,7,0,0,3,0,0,13,3,0,9,0,0,0,9,0,0,4,8,2,1,0,0,17,0,0,3,2,2,0,0,14,44,0,0,0,50,0,6,0,0,4,0,0,0,55,5,0,2,0,0,2,2,0,0,0,6,0,10,0,0,0,1,4,3,0,0,0,68,1,6,4,0,0,0,0,0,0,2,0,921,1,242,1,2,3,1,3,0,0,0,0,0,0,0,0,0,0,0,0,0,0,0,0,0,0,0,8,5,0,0,0,0,1,0,0,10,0,1,0,25,0,0,0,0,0,1,0,0,0,0,1,4,0,0,0,41,0,6155,0,1,0,0,6,1,1,0,0,0,17,0,1,0,0,0,0,0,0,0,0,0,3,0,1,0,1,0,2,0,0,3,0,0,8,616,0,589,0,1,0,2,0,0,1,3,1,0,0,0,0,0,2,0,0,0,0,0,0,0,0,5,66,0,0,2,0,0,0,0,0,0,0,0,0,0,0,0,9,0,0,1,2,32,0,0,0,0,0,0,0,2,0,2,2,0,0,0,0,0,0,0,1,0,0,5,0,0,0,1,0,0,0,0,3,1,0,0,3,15,0,0,0,5,9,0,0,0,84
"3081",38,11,2,0,1,0,138,1,0,90,0,3,31,0,0,4,2,2,1,0,61,0,4,38,0,7,57,1,5,121,48,1,6,0,0,4,11,0,22,5,750,0,0,2,2,225,1,0,65,6,4,1,7,2,57,1,0,13,2,4,0,0,9,62,1,12,0,68,1,25,1,1,106,4,1,1,50,5,3,0,0,3,22,23,0,0,5,11,3,1,1,5,1,1,11,34,0,0,21,58,1,56,5,2,21,4,3,0,1,5,1,180,2,347,1,8,6,2,28,96,0,5,2,1,2,0,0,1,0,9,0,0,0,0,14,13,0,7,178,210,1,11,8,0,0,0,0,109,0,1,0,124,3,0,0,0,0,0,0,77,0,0,0,172,0,0,0,19,164,1,2,31,7,0,3,5,0,0,0,1,0,0,6,2,1,0,7,2,13,1,1,1,3,0,0,20,15,221,3,0,0,9,1,1,10,68,0,1039,2,0,2,1,0,1,0,0,1,2,1,3,0,0,0,0,2,15,0,2,0,2,1,15,232,0,0,6,0,3,0,0,0,0,0,0,22,0,0,0,73,0,1,0,1,399,10,0,3,4,0,0,0,14,19,1,4,4,0,4,0,0,0,0,1,0,1,8,0,0,0,1,3,2,0,0,0,0,2,19,2,162,6,0,2,8,53,2,37,1,43
"3082",0,0,8,2,4,1,470,2,0,0,0,0,34,1,0,3,0,0,0,0,114,2,1,17,3,4,9,0,0,16,2,0,6,0,1,0,0,0,0,1,0,0,0,0,0,14,0,7,17,0,0,6,37,14,0,5,0,10,2,0,0,5,29,7,0,0,0,35,0,0,2,0,2,0,0,1,43,2,0,2,0,0,9,0,0,6,0,74,0,0,0,0,1,0,13,0,0,0,0,0,0,7,2,0,0,7,0,0,2,3,0,101,0,167,0,29,3,0,75,67,0,0,0,1,1,1,2,12,3,0,0,0,5,0,0,0,0,0,0,351,1,0,0,0,0,0,0,0,1,2,0,127,0,0,0,0,0,0,4,251,0,0,2,0,0,3,1,476,0,0,0,0,0,0,0,0,20,0,2,0,0,0,0,9,4,0,0,0,0,0,0,4,0,0,3,0,0,0,8,6,0,0,0,2,52,0,0,3206,0,3,7,1,1,1,3,1,1,3,0,4,364,5,5,2,3,0,8,4,0,10,3,806,396,1,0,0,0,1,1,6,444,2,0,5,0,1,1,3,1517,0,68,180,123,1147,6,0,0,0,0,0,0,0,0,0,0,0,4,3,0,0,0,0,1,1,5,0,1,27,34,0,0,0,2,0,0,0,1,0,1,35,16,5,0,0,0,0,1,28,129
"3083",0,0,11,0,18,3,1139,1,0,0,0,0,389,5,0,0,6,0,110,0,0,2,0,0,0,0,0,0,0,310,0,0,0,0,0,0,0,0,0,0,0,0,0,0,0,0,0,0,0,0,0,41,3,0,0,0,0,105,0,0,0,4,0,251,2,0,1,4,0,0,0,0,0,0,0,0,0,0,0,0,0,0,246,0,0,0,0,0,0,0,0,0,0,0,0,0,0,0,0,0,0,0,0,0,0,2,0,0,0,0,0,0,0,26,0,0,0,0,0,0,0,10,0,7,0,0,0,4,0,0,0,0,0,0,0,0,0,0,0,0,0,23,9,21,17,31,1,1910,17,0,1,0,0,0,0,0,0,2,9,178,0,0,0,0,0,0,0,0,0,0,0,0,0,0,0,0,0,0,0,1,0,0,0,0,0,0,0,0,0,0,0,0,0,0,0,0,0,0,0,0,0,0,0,2,0,0,8,8213,4,22,4,1,4,1,0,0,4,0,0,4,0,0,0,0,0,0,0,0,0,0,0,0,1,0,0,0,0,0,0,0,0,0,0,0,0,0,0,0,1,0,0,0,0,0,0,0,0,0,0,0,0,0,0,0,0,0,6,0,0,0,1,1,18,8,36,0,0,22,0,0,0,0,0,0,1,25,0,0,7,244,0,47,0,0,0,0,0,0,3
"3084",0,4,15,1,6,2,574,1,0,39,1,3,100,3,0,2,0,0,26,0,0,0,0,0,0,0,0,0,0,65,66,0,1,1,0,1,0,0,0,0,0,0,0,0,2,0,1,0,5,0,0,33,1,0,85,0,0,23,0,7,0,2,0,113,1,0,0,21,0,4,0,50,0,0,0,1,132,8,0,2,1,32,33,50,0,0,12,6,15,9,1,0,0,1,3,0,0,0,41,0,0,0,0,0,0,2,0,0,0,5,0,28,0,25,1,1,5,0,0,0,0,28,0,0,0,13,0,26,0,26,0,0,7,1,1643,174,0,2,0,0,0,0,1,3,1,1,0,154,4,1,2,0,39,1,1,1,98,0,0,0,1,0,0,133,1,5,0,139,292,0,6,71,0,27,0,1,63,4,0,475,0,0,0,0,1,0,0,0,0,0,0,0,0,0,0,9,0,0,0,11,0,0,0,18,2,0,0,1543,3,0,2,2,0,0,1,1,0,1,1,1,0,0,0,1,1,0,19,24,0,0,0,1,1750,0,0,0,41,4,1,15,585,0,0,0,0,3,1,2,1328,2,0,0,0,0,0,0,0,0,0,0,0,0,0,5,3,78,55,8,0,0,6,3,0,11,0,233,6,3,4,0,22,2,0,0,0,2,2,0,6,62,0,9,7,0,36,0,39,0,0
"3085",0,0,28,2,17,4,1072,4,0,0,0,0,82,0,0,6,0,7,13,0,309,9,2,14,1,5,20,1,0,15,0,1,16,3,0,5,0,0,0,0,0,0,7,76,1,20,0,5,25,0,0,18,87,9,0,0,0,42,0,0,0,3,29,0,3,0,0,8,0,0,0,0,0,0,0,0,28,1,0,2,0,0,16,0,0,0,0,0,0,0,0,0,1,3,12,7,0,0,10,63,16,0,0,1,0,5,1,7,1,12,0,82,1,130,1,11,6,1,162,95,0,13,13,2,0,0,0,9,0,0,0,0,0,6,0,125,14,0,0,0,0,0,0,0,0,0,0,0,0,0,1,0,350,4,0,0,0,0,1,0,0,0,0,0,0,0,0,0,0,0,0,0,0,0,0,0,38,5,0,0,0,0,0,0,0,0,0,0,0,0,0,2,0,0,3,0,0,0,8,6,0,0,0,1,272,0,1,9551,9,3,16,9,1,4,8,6,3,5,0,5,0,0,4,10,0,0,0,0,4,14,4,1226,0,0,23,398,0,2,0,0,0,0,0,24,0,0,0,0,0,0,0,0,0,0,0,0,0,0,0,0,0,0,0,0,0,0,7,5,1,0,0,2,0,4,1,32,0,46,21,0,0,0,0,0,0,1,9,21,1,97,0,13,0,0,0,0,1,0,618
"3086",27,3,0,0,0,0,9,0,154,6,0,0,24,0,0,0,1,29,3,0,353,0,7,104,13,54,50,3,1,33,2,31,6,0,1,1,8,8,20,11,1,99,9,191,0,68,4,0,38,3,8,2,26,1,11,0,2,8,0,7,2,0,28,31,1,1,0,72,1,30,5,0,0,1,4,0,1089,28,28,27,13,0,26,41,0,28,9,265,6,31,0,0,0,6,12,5,43,13,0,29,105,24,1,2,1,11,2,1,0,11,0,353,2,275,1,10,7,2,64,122,2,0,10,1,4,0,1,0,2,7,2,1,8,0,49,1,0,22,36,298,0,9,7,0,0,0,1,110,0,0,0,0,37,0,0,0,0,1,0,0,0,2,0,48,0,0,0,25,202,0,1,181,6,0,11,10,2,0,2,0,68,0,42,4,0,2,2,2,52,5,162,1,10,9,0,9,63,341,8,0,1,12,8,0,17,750,0,387,0,2,0,0,0,0,0,0,0,3,0,0,83,1,1,0,0,99,0,1,1,0,1,14,42,0,2,2,0,1,6,1,0,0,0,0,20,3,3,0,396,0,1,0,0,429,3,1,2,0,0,0,0,9,0,0,0,1,13,6,0,0,0,14,0,0,2,70,5,0,0,1,1,5,0,3,0,1,0,30,1,25,108,0,5,18,10,2,11,0,176
"4000",35,2,1,1,1,1,62,0,0,2,0,0,11,0,1,2,0,3,1,1,1,1,16,91,5,1,69,3,0,3,3,10,3,0,0,0,0,3,70,8,2,10,15,74,1,76,0,0,1,0,0,0,0,0,11,0,0,3,1,2,0,0,9,15,0,0,0,5,0,1,1,0,36,0,1,4,91,7,0,3,0,0,7,78,1,2,7,43,3,0,1,3,0,0,0,0,0,0,2,0,2,5,0,3,0,0,2,0,0,0,0,86,0,84,3,11,2,0,38,1,2,1,0,0,0,0,0,0,0,3,0,0,0,0,27,17,0,12,0,145,0,0,1,3,5,1,1,67,1,2,0,1,4,0,0,0,0,2,0,257,0,0,0,47,0,3,0,252,0,2713,0,79,4,0,7,2,2,0,1,0,14,0,3,0,1,11,0,0,5,2,0,0,0,1,0,5,15,0,8,0,0,0,6,0,64,0,0,455,0,0,3,2,0,0,2,0,1,1,0,0,0,0,1,0,0,0,0,0,0,0,0,57,65,0,1,0,0,0,0,0,4,0,0,1,21,0,0,0,65,0,1,2,1,100,0,0,0,0,0,0,0,0,0,0,5,0,6,8,0,0,0,1,0,0,0,0,0,1,0,1,4,4,0,0,1,2,0,1,1,4,4,3,0,2,4,0,12,0,1
"4001",0,7,21,0,7,1,185,0,0,27,0,0,35,0,2,2,0,5,0,0,3,0,0,0,0,0,8,0,0,3,5,0,3,0,0,2,6,5,34,2,0,0,4,48,5,0,2,0,1,1,0,2,0,0,9,0,1,1,0,7,0,0,1,61,0,0,0,7,6,1,0,0,26,0,4,0,6,0,2,0,5,1,52,33,0,0,4,49,3,2,1,0,0,0,0,1,5,1,0,0,0,0,0,0,0,0,0,0,0,1,0,7,0,20,0,0,1,0,4,83,0,7,0,0,0,3,18,4,0,1,0,0,0,0,34,100,0,3,62,90,0,4,3,1,1,0,0,62,0,0,0,0,0,0,0,1,9,2,0,138,0,0,0,36,0,0,0,0,0,23,0,228,12,0,0,0,0,0,0,0,11,0,1,0,0,1,7,3,27,1,0,0,3,0,1,18,15,261,15,0,0,0,0,0,92,0,0,399,0,0,2,0,1,0,0,0,1,0,0,0,0,0,0,1,0,0,3,1,0,0,0,9,45,0,0,6,5,0,2,0,0,0,0,0,0,0,0,1,136,0,0,0,0,0,0,0,0,0,79,0,0,0,0,0,8,0,5,5,1,2,32,0,0,4,7,26,0,0,0,0,11,0,0,1,0,0,3,1,2,60,54,0,0,0,11,2,2,0,0
"4002",10,0,7,1,3,0,71,0,0,8,0,0,24,1,1,0,0,3,0,0,67,0,1,3,2,0,3,0,0,5,4,0,20,0,0,2,0,4,96,8,0,14,2,17,1,6,3,0,5,3,0,0,5,0,2,0,0,1,0,0,0,0,0,21,0,0,0,11,0,4,1,0,0,0,0,0,19,0,0,0,0,0,43,81,0,0,17,16,7,0,0,1,0,0,3,10,0,1,0,0,13,2,0,0,0,0,0,5,0,6,1,72,0,123,1,1,4,0,9,0,0,42,0,0,0,4,2,1,0,1,0,0,2,2,10,58,0,17,56,245,2,13,4,1,1,1,3,95,1,3,0,0,26,1,0,0,0,2,1,27,1,1,1,165,0,11,2,659,0,0,0,0,0,0,9,10,4,0,0,0,5,6,0,0,0,0,2,1,0,0,0,1,0,0,0,25,16,0,3,2,0,1,2,77,36,0,0,755,2,0,2,1,2,3,0,0,0,0,1,0,0,0,0,0,4,39,3,12,1,0,0,0,715,0,0,0,0,1,0,5,88,0,0,0,37,1,0,0,761,1,0,0,0,0,0,1,0,0,0,1,2,0,7,7,1,0,10,8,0,0,0,1,1,5,3,12,0,0,0,4,3,2,0,0,0,1,0,5,0,16,0,0,3,5,5,0,11,0,25
"4004",2,0,2,0,3,0,26,0,0,4,0,0,76,2,0,0,0,0,0,0,49,0,0,0,0,0,13,0,0,0,0,0,0,0,1,0,0,0,0,0,0,0,0,0,0,0,0,0,1,0,0,0,0,0,0,0,0,1,0,0,0,1,0,0,0,0,0,4,0,0,0,0,0,0,0,2,781,21,0,38,0,0,28,40,3,0,3,0,3,0,1,0,1,2,13,0,0,0,0,0,0,0,1,0,0,2,1,2,0,5,0,91,0,145,4,1,6,1,1,130,0,4,0,0,0,3,8,2,0,0,0,0,0,3,118,112,5,0,0,0,0,37,29,3,3,0,5,414,0,0,0,0,0,0,0,0,0,0,0,225,0,0,0,0,0,0,0,0,0,0,0,0,0,0,0,0,14,0,0,0,0,0,0,0,3,5,0,0,0,0,39,0,0,0,0,0,0,0,73,0,0,0,0,0,0,0,0,0,0,0,0,0,0,0,0,0,0,0,0,0,0,0,0,0,0,0,0,0,0,0,0,0,0,0,6,112,0,0,0,0,740,0,0,0,0,0,0,0,0,0,0,0,0,0,0,0,0,4,0,0,0,0,0,0,0,0,7,16,1,0,1,0,3,0,0,0,1,22,0,0,6,1,7,2,0,4,0,0,0,8,3,0,0,0,0,0,4,0,4
"4005",2,1,0,0,2,0,66,0,46,7,0,0,12,1,1,1,0,3,1,0,0,0,0,0,0,0,0,0,0,18,2,0,2,0,0,0,27,0,6,1,17,0,0,1,2,66,0,0,0,0,1,3,0,0,11,0,1,0,1,5,0,0,2,21,0,0,0,26,0,0,0,0,0,0,0,0,0,0,1,0,1,3,32,9,0,7,0,60,1,1,0,0,1,0,1,0,12,1,0,6,1,0,4,0,1,1,0,0,0,0,0,77,0,12,0,1,0,0,5,74,1,1,0,0,3,13,22,2,0,2,5,2,0,0,48,2,0,26,62,156,0,2,0,1,0,0,0,34,1,0,0,0,5,0,0,0,0,0,0,0,0,1,1,30,0,10,0,144,38,0,0,9,0,1,0,0,4,1,0,21,0,2,23,0,0,0,2,1,12,2,0,0,0,0,1,15,15,0,17,0,0,0,0,0,6,420,0,339,0,1,2,1,0,0,0,0,0,1,0,0,138,0,1,2,0,313,0,2,0,0,0,0,110,0,0,2,12,1,0,0,1,0,1,0,0,3,0,0,200,0,0,0,0,5,0,0,2,5,6,1,1,0,2,1,2,0,0,1,1,0,0,0,0,0,2,2,0,1,0,0,4,1,1,1,0,0,1,13,0,16,15,0,0,1,2,1,6,0,3
"4006",11,0,18,0,21,8,253,0,0,2,2,1,12,1,4,6,0,6,0,1,13,5,20,35,0,0,20,0,0,22,6,0,11,0,1,0,0,18,50,11,0,7,0,0,2,6,0,2,1,0,2,1,2,0,40,0,0,17,1,4,1,0,3,41,0,0,0,55,1,0,0,0,6,1,1,1,6,1,0,0,0,1,71,18,0,6,8,45,3,2,0,2,1,0,4,3,1,2,4,14,0,0,3,0,11,0,0,0,1,0,0,32,2,30,1,0,4,0,30,0,0,7,0,0,1,2,0,10,1,2,1,0,4,0,3,3,0,0,55,0,0,2,0,0,0,0,0,23,0,0,0,0,75,1,0,0,0,1,0,32,0,6,0,0,0,0,0,0,450,0,28,30,1,4,0,0,5,0,0,0,7,7,0,2,0,47,0,0,24,2,0,0,2,0,2,11,1,13,0,0,0,0,1,0,14,0,0,216,4,0,0,2,0,1,0,0,0,1,2,2,670,1,0,0,1,0,0,4,0,0,0,6,87,4,0,2,1,0,1,0,0,0,0,1,10,1,1,0,105,0,0,0,0,0,0,0,0,0,1,0,1,28,6,0,1,0,26,1,2,0,1,1,2,2,2,0,4,5,3,0,2,1,0,0,6,2,4,2,1,29,4,0,4,1,0,0,11,0,25
"4007",0,1,0,0,1,0,26,0,18,11,0,1,8,0,0,0,2,0,0,0,0,0,2,1,0,0,1,0,0,8,1,0,1,0,0,2,4,0,3,1,2,19,1,3,0,65,0,0,1,1,4,0,0,1,6,0,0,0,1,1,0,0,0,3,0,0,0,22,0,0,0,0,1,0,1,0,1,1,3,0,2,0,5,1,0,1,0,13,0,0,0,0,0,1,0,0,1,0,7,0,0,0,1,0,4,0,0,0,0,0,0,7,0,39,0,0,0,0,0,3,0,0,0,0,2,0,0,1,0,1,3,1,0,1,44,3,0,9,14,6,0,1,0,0,1,0,0,6,0,0,0,7,1,0,0,0,0,0,0,0,0,4,0,4,0,1,0,62,0,0,13,13,3,12,0,0,0,0,0,0,0,11,8,0,0,0,0,0,8,1,5,0,0,0,0,0,4,406,0,0,0,1,0,1,29,0,0,79,0,0,1,0,0,0,0,0,0,0,1,0,0,0,2,1,0,0,9,2,0,1,0,62,140,0,0,0,36,1,1,1,0,0,3,0,0,1,0,0,121,1,0,0,0,0,0,0,0,2,0,0,13,0,0,0,0,0,0,0,0,0,1,0,0,0,0,16,0,0,0,0,0,0,0,0,0,0,0,1,0,19,0,0,0,0,2,0,6,0,1
"4009",4,2,2,0,4,2,88,0,72,2,1,0,9,0,0,1,0,9,0,0,7,0,0,2,0,0,3,0,0,8,0,1,6,0,0,0,1,0,21,0,0,0,0,0,0,0,0,0,0,0,0,0,0,0,1,1,0,0,2,1,0,0,2,4,0,0,0,20,0,1,0,0,8,0,0,0,11,0,0,0,0,0,6,12,0,7,1,12,0,4,0,0,0,0,0,1,0,0,1,0,1,0,2,0,4,0,0,0,0,0,0,6,0,14,0,0,1,0,2,53,0,1,0,0,0,0,0,1,0,0,0,0,0,0,5,4,0,0,13,54,0,0,1,2,1,0,0,17,1,0,1,0,0,0,0,0,7,1,0,0,0,0,0,18,0,0,2,43,39,0,0,5,0,0,0,1,0,0,0,0,1,0,0,0,0,0,0,0,0,0,1,0,0,0,0,0,11,82,0,0,0,0,1,0,29,223,0,337,0,0,0,1,0,1,0,0,0,0,1,3,0,0,1,0,0,0,0,0,0,2,0,42,12,1,0,0,1,1,1,1,0,0,0,1,0,1,0,0,134,0,7,13,1,76,0,0,15,0,0,1,0,0,0,0,0,0,0,1,0,0,0,1,0,0,7,12,0,0,0,0,0,0,0,0,0,0,0,1,0,10,1,0,0,0,1,0,3,0,27
"4010",4,0,20,0,10,2,316,2,0,49,5,4,109,0,5,1,0,2,3,0,20,3,10,21,2,5,23,3,0,148,1,0,4,0,0,3,0,0,0,0,0,0,0,0,2,0,4,0,4,0,0,0,17,5,2,0,0,37,0,8,1,1,26,37,0,0,0,18,0,0,0,0,0,0,0,0,1,0,0,0,0,0,16,0,0,0,0,0,0,0,0,0,0,0,8,0,0,0,0,0,0,0,2,0,0,3,0,1,0,6,0,20,0,46,1,1,1,0,0,0,1,5,0,0,0,0,0,2,0,0,0,0,0,0,34,0,0,0,0,241,1,10,7,0,0,1,1,98,2,0,3,12,6,0,3,8,132,0,0,0,0,0,2,75,0,0,2,36,387,0,0,0,0,0,0,0,7,0,0,0,0,0,0,0,2,0,0,0,0,0,0,0,0,0,0,3,0,0,59,0,0,0,0,16,0,0,0,827,0,0,0,1,1,1,0,0,0,1,5,0,725,4,0,0,0,34,0,5,0,20,2,596,122,1,36,221,0,3,6,6,26,8,4,4,34,18,1,0,1090,1,0,0,0,0,0,0,3,0,0,3,0,0,0,0,1,0,0,22,0,0,5,0,0,0,2,0,0,28,0,0,0,0,0,0,2,12,4,0,6,119,0,11,0,6,0,0,17,0,19
"4011",1,0,1,0,0,0,4,0,19,0,0,0,1,0,0,0,0,4,1,0,1,0,0,0,0,0,0,0,0,0,0,1,0,0,0,0,0,0,5,2,8,0,0,0,0,2,0,0,0,0,0,1,0,1,0,0,0,0,0,0,0,0,0,4,0,0,0,0,0,0,0,0,0,0,0,0,7,1,4,1,0,1,0,1,0,0,0,14,0,0,0,0,0,0,4,0,0,0,0,2,0,0,0,0,0,0,0,1,0,0,0,4,0,4,0,0,0,0,0,11,0,6,0,0,0,1,0,2,6,1,0,0,0,3,0,169,1,0,157,237,0,21,7,0,0,0,1,115,0,0,0,0,31,1,0,0,0,1,1,304,0,0,0,67,2,11,0,323,0,0,2,3,0,1,0,0,0,0,0,0,1,0,0,0,0,0,0,0,0,0,1,0,0,0,0,3,3,0,0,0,1,0,0,0,26,0,1,538,0,1,4,2,1,0,0,0,1,0,3,4,81,0,0,0,0,0,0,3,1,0,0,0,100,0,1,5,31,0,0,3,0,0,2,0,25,1,0,1,874,4,5,1,0,641,4,0,0,42,0,4,0,0,0,0,0,0,1,0,0,0,6,0,0,0,2,0,0,1,0,0,0,1,0,0,2,0,0,1,0,0,0,0,0,0,0,0,1,0,2
"4013",0,0,0,0,0,0,0,0,0,0,0,0,52,0,0,0,0,0,23,0,0,0,0,0,0,0,0,0,0,1,0,25,1,0,0,0,0,0,0,0,0,0,0,0,0,0,0,0,1,0,0,0,5,0,0,0,0,81,0,0,0,8,0,0,16,2,3,0,0,0,0,2,0,3,1,0,0,0,0,0,0,0,0,0,0,0,0,0,0,0,0,0,0,0,0,4,0,0,0,0,0,11,0,0,0,0,0,0,0,0,0,0,0,0,0,0,0,0,0,0,0,0,0,4,0,0,0,3,0,0,0,0,0,0,0,0,0,0,0,0,0,0,0,0,0,0,0,0,0,0,0,0,0,0,0,0,0,0,0,8,0,0,0,0,0,0,0,0,0,0,0,0,0,0,0,0,10,2,0,0,0,0,0,0,0,0,0,0,0,0,45,0,0,0,0,0,0,0,0,0,0,0,0,0,0,0,0,0,0,0,0,0,0,0,0,0,0,0,0,0,0,0,0,0,0,0,153,0,1,0,0,0,1243,0,0,0,0,0,0,0,0,0,0,0,0,0,0,0,0,0,0,0,0,0,0,0,0,0,0,0,0,0,0,0,0,0,0,0,0,0,0,1,3,0,4,0,0,8,20,0,0,0,0,0,0,1,0,0,0,5,0,59,0,0,0,0,0,0,205
"4014",1,1,1,0,0,0,23,0,7,2,0,0,9,0,1,0,0,3,1,0,5,0,0,5,2,0,17,0,0,9,5,25,0,0,0,1,0,0,4,3,2,0,0,3,0,13,1,0,5,1,0,0,0,0,1,0,0,9,1,0,0,0,0,9,1,0,0,6,0,7,0,1,0,0,2,2,229,11,0,11,215,0,6,116,5,2,14,39,4,72,2,1,0,2,7,2,2,0,3,24,0,4,0,0,0,0,0,0,0,1,0,27,0,41,0,0,0,0,9,5,0,0,0,0,2,0,0,0,0,0,0,0,0,0,16,0,0,13,7,20,0,4,1,0,0,0,0,36,0,0,0,0,0,0,1,6,31,0,0,0,0,0,0,51,0,0,0,9,26,953,1,0,0,0,0,0,1,2,0,10,1,0,8,0,0,0,1,0,0,0,0,0,0,5,0,2,4,6,0,0,0,0,4,0,0,0,0,97,0,0,0,0,0,0,0,0,0,0,0,0,0,0,0,0,0,5,19,0,0,0,0,2,171,0,1,0,0,0,0,0,3,0,0,0,0,0,0,0,21,0,1,2,1,4,0,0,0,1,3,0,0,1,0,0,0,0,0,3,0,0,0,0,1,0,0,24,0,0,2,1,0,1,0,0,0,0,0,8,0,9,0,9,4,2,0,0,6,0,32
"4017",65,2,10,1,14,1,632,1,23,7,3,0,29,0,0,2,1,14,4,11,89,1,13,61,4,12,58,3,2,80,6,21,18,0,3,13,11,1,154,25,15,0,0,34,4,71,4,5,36,1,7,6,0,1,82,0,1,18,3,1,1,4,63,84,0,3,1,132,5,31,1,1,0,3,4,2,332,33,0,3,928,2,19,31,0,2,1,47,3,11,0,1,0,3,9,27,0,3,14,100,0,1,2,3,0,12,2,2,3,16,0,291,1,183,0,16,4,4,15,0,3,0,9,5,3,4,0,7,0,0,10,4,0,8,0,129,4,40,59,643,0,1,1,9,5,0,0,131,0,1,0,299,70,1,0,0,0,0,0,0,0,2,1,178,0,3,0,213,657,1973,2,46,1,1,0,8,11,0,5,46,77,0,50,3,1,4,0,2,16,2,0,1,0,4,3,14,58,0,17,0,6,4,5,0,47,0,0,1963,3,2,3,0,0,0,2,5,2,1,4,7,0,0,0,0,0,0,0,0,1,1,0,65,4,0,1,39,0,5,1,1,20,0,1,0,0,1,3,1,647,1,0,0,0,0,0,0,3,0,8,2,0,0,0,0,1,6,5,2,0,35,0,24,6,2,9,17,12,0,0,3,2,2,0,0,3,7,21,108,0,50,0,9,2,20,23,1,32,0,162
"4020",0,0,3,0,2,0,238,1,0,4,1,0,40,0,1,2,1,241,7,0,579,3,0,39,1,8,280,0,0,16,1,36,0,6,2,27,0,0,0,0,0,0,1,71,0,178,0,0,45,0,3,0,0,0,0,1,11,74,6,12,1,1,0,33,0,0,0,157,0,0,0,0,0,0,0,0,69,0,0,1,0,0,21,0,0,0,0,0,0,0,0,0,9,3,38,20,0,0,0,0,0,0,6,1,0,17,4,12,3,8,4,532,5,521,2,40,16,2,79,4,5,8,0,0,0,0,0,4,0,0,0,0,0,0,0,0,0,0,0,0,0,0,0,0,0,0,0,0,0,0,1,0,39,2,0,0,0,0,1,141,0,0,0,0,0,10,0,219,0,0,0,0,0,0,0,0,49,3,0,0,0,0,0,0,0,7,0,0,0,0,0,2,0,0,1,0,0,0,18,0,0,0,1,0,0,0,0,0,0,0,0,0,0,0,0,0,0,0,0,0,2549,26,0,0,1,0,0,8,0,0,0,0,1051,0,0,0,0,0,2,1,118,0,0,0,0,1,0,1,608,0,0,0,0,0,0,1,0,0,0,0,0,0,0,0,0,0,12,2,0,0,1,0,0,4,4,50,7,63,0,0,0,0,1,0,4,14,0,0,0,63,0,3,0,0,0,0,2,0,236
"4021",0,0,0,0,0,0,0,0,0,13,5,0,143,1,0,0,0,0,41,0,13,0,1,14,1,1,16,2,0,0,0,0,0,0,0,0,0,0,0,0,0,0,0,0,0,0,0,0,1,0,0,0,29,9,0,0,0,24,0,0,0,10,0,0,1,0,0,22,0,0,0,0,0,0,0,0,0,0,0,0,0,31,28,0,0,0,0,0,0,0,0,0,0,0,0,0,0,0,0,0,0,0,0,1,0,0,0,0,0,0,0,0,0,0,0,0,0,0,0,0,0,2,0,2,0,1,0,2,0,0,0,0,0,0,146,0,0,0,0,340,0,35,42,0,0,0,3,439,0,0,0,0,114,0,3,3,106,0,1,0,0,0,1,0,0,0,0,0,0,0,0,0,0,0,0,0,35,3,1,0,0,0,0,0,0,0,0,0,0,0,0,0,0,0,0,0,0,0,0,10,0,0,0,0,222,690,1,1742,1,4,2,0,1,0,0,1,0,0,1,1,872,15,0,0,7,0,7,11,2,0,0,0,2310,2,0,0,0,2,1,13,11,0,0,0,0,0,1,4,1492,0,0,0,0,0,0,7,0,0,0,0,0,0,0,0,0,0,0,0,0,3,1,0,11,0,1,0,5,18,20,0,1,6,0,0,4,14,0,0,0,0,0,355,0,0,0,0,0,5,35
"4022",0,0,0,0,0,0,0,0,0,3,0,0,60,1,1,0,2,0,5,0,0,0,0,0,0,0,0,0,0,10,2,0,0,0,0,0,0,0,0,0,0,0,0,0,1,0,0,0,6,0,0,16,2,2,34,3,2,22,0,0,0,10,0,0,0,0,0,37,0,0,0,0,0,0,0,0,0,0,0,0,0,0,9,0,0,0,0,0,0,0,0,0,0,0,0,0,0,0,0,0,0,0,1,0,0,0,0,0,0,1,0,6,0,3,0,1,1,0,0,0,1,1,0,0,0,3,2,3,0,0,0,0,0,0,0,0,0,0,25,368,0,20,14,0,0,0,0,281,1,1,4,0,0,0,1,2,120,0,0,0,0,0,0,87,0,2,0,58,0,0,0,0,0,0,0,0,6,1,0,0,0,0,0,0,0,0,0,0,0,0,0,0,0,0,0,0,0,0,0,1,0,0,16,0,0,606,1,4071,1,11,4,0,2,0,0,1,0,1,2,5,0,0,0,0,2,0,0,2,0,13,3,660,886,0,0,0,0,1,1,4,9,0,0,4,60,4,0,0,518,0,2,138,0,911,4,0,0,0,0,0,0,0,0,0,0,0,0,0,0,0,0,0,4,0,0,0,5,16,25,0,1,2,0,1,3,7,0,0,0,34,0,95,0,0,0,0,0,0,2
"4023",5,2,2,0,1,0,131,0,0,25,3,1,34,0,0,2,0,94,2,0,40,0,6,66,7,0,7,2,5,67,4,2,111,0,0,0,0,0,0,1,0,0,0,5,1,13,4,0,62,8,6,13,0,0,8,1,1,14,2,2,2,0,7,8,0,4,1,45,2,17,3,2,21,2,0,0,214,1,0,1,14,1,17,188,0,5,25,91,15,82,0,1,2,1,8,12,5,1,3,15,0,3,1,1,0,6,1,1,1,5,1,188,1,232,0,1,0,0,8,126,0,4,0,2,2,1,0,0,0,0,0,0,29,0,105,1,0,29,39,377,1,10,16,0,0,0,0,118,0,0,2,0,28,0,0,2,57,0,0,0,1,0,1,216,0,7,0,174,806,0,0,2,0,1,9,10,7,0,0,14,44,1,32,1,1,0,2,0,12,0,36,1,0,0,0,7,22,20,0,1,0,0,5,10,39,161,1,847,0,2,1,1,0,0,0,0,0,0,0,0,328,2,1,0,0,108,0,0,0,0,0,34,95,0,0,10,0,0,2,0,0,0,0,1,6,3,2,0,807,0,0,28,0,192,3,0,2,0,0,0,0,28,0,0,1,2,3,74,0,5,0,3,0,0,0,1,7,2,18,2,8,6,0,4,0,0,1,5,0,5,17,0,3,13,7,1,17,1,236
"4024",1,1,0,0,0,0,27,0,0,34,0,0,17,0,0,0,0,96,0,2,3,0,1,3,0,1,14,0,2,5,2,2,11,0,0,2,1,24,458,1,3,0,0,1,0,0,3,0,2,2,6,3,1,0,2,0,0,14,2,4,0,0,1,17,0,1,1,12,2,2,0,0,0,0,0,0,61,1,3,1,0,0,4,61,0,7,19,89,2,147,0,0,0,0,5,0,0,0,0,3,0,3,1,1,38,0,1,0,0,1,0,83,0,160,0,0,2,0,2,0,0,0,0,6,7,1,14,7,0,14,1,0,9,0,43,43,0,13,0,554,0,18,17,0,0,0,2,238,0,0,0,0,78,0,1,16,318,1,3,0,0,0,2,45,0,0,0,0,0,0,3,39,0,3,2,3,5,0,2,0,19,0,0,0,8,1,4,3,0,0,7,0,0,0,0,4,7,1,9,0,0,2,1,2,408,0,1,3135,2,6,8,1,1,0,0,1,0,0,0,2,0,0,2,1,1,0,18,1,0,0,0,0,705,1,0,34,0,1,2,0,231,0,4,0,66,1,0,0,668,0,0,0,0,0,0,1,0,0,1,5,0,0,0,0,5,0,3,0,1,0,1,0,0,0,9,45,1,1,0,0,26,1,2,4,1,1,0,0,0,15,6,0,3,0,3,0,3,0,36
"4025",17,0,5,0,1,0,106,0,0,1,1,0,21,1,0,0,1,1,1,0,55,0,2,6,0,0,11,0,0,8,1,0,0,1,1,0,0,0,0,0,2,0,7,11,0,0,0,4,17,1,1,17,0,0,3,0,0,12,1,0,0,0,40,4,0,0,0,19,0,0,0,0,0,0,1,0,5,0,0,0,0,1,1,0,0,1,0,14,0,0,0,0,2,3,18,0,0,0,0,0,0,0,0,0,0,0,4,0,0,20,0,100,1,262,0,13,3,0,38,49,1,2,0,0,0,51,0,5,0,0,0,0,1,0,0,0,0,0,0,0,0,12,12,2,1,1,1,194,0,2,0,0,0,0,0,0,18,1,4,1,1,0,0,0,0,0,0,0,0,0,0,0,0,0,0,0,4,1,0,0,0,0,0,0,1,0,0,0,0,0,0,0,0,0,1,0,0,0,9,1,0,0,0,0,128,0,3,973,2,9,4,1,2,1,0,0,0,2,0,2,0,0,1,0,2,0,75,9,1,0,0,0,1597,3,0,5,0,0,0,0,40,0,0,0,0,0,0,0,0,0,1,0,0,553,4,0,0,0,0,0,0,0,0,0,0,0,3,4,0,0,0,0,3,2,2,25,0,7,10,0,0,0,0,0,0,2,17,0,0,6,1,19,1,0,4,0,5,0,0
"4026",27,2,10,0,12,0,685,3,0,14,0,0,73,0,1,1,0,11,4,0,28,0,2,1,1,0,49,0,1,13,16,2,12,1,3,18,0,6,37,8,0,0,13,307,0,45,1,0,8,1,47,1,12,5,51,0,0,0,0,1,0,0,12,17,0,2,0,51,0,6,0,0,0,0,0,0,62,2,0,1,0,0,32,75,0,9,8,65,2,9,0,0,1,0,13,6,0,14,0,0,7,1,1,1,0,2,1,1,1,3,0,230,1,203,0,21,8,1,46,178,0,15,0,0,0,0,0,1,0,0,0,0,0,0,7,7,0,37,33,0,0,0,0,0,0,0,2,26,0,1,0,0,185,0,0,0,0,0,1,760,0,0,0,38,0,11,0,222,0,0,4,4,0,0,0,12,7,0,0,0,5,2,0,1,2,0,0,0,2,0,0,1,0,0,2,5,12,0,22,1,0,0,0,0,0,0,0,0,0,0,0,0,0,0,0,0,0,0,0,0,687,1,0,0,0,0,6,0,0,0,0,2,146,1,0,0,0,0,0,0,0,0,0,0,0,0,0,0,220,0,0,0,0,268,0,1,0,0,0,0,0,0,0,0,3,0,0,14,1,0,15,0,3,1,2,2,1,3,0,5,9,0,2,0,0,0,0,8,0,37,8,0,5,1,8,0,5,0,50
"4027",2,2,0,0,0,0,9,0,0,12,1,0,26,0,0,0,0,0,19,0,0,0,0,0,0,0,1,0,0,9,26,0,2,0,0,0,0,0,0,12,20,5,0,1,2,3,0,0,0,0,0,6,1,0,14,0,1,5,0,0,0,0,0,25,0,0,0,33,0,2,0,0,0,0,2,0,1,0,0,0,0,4,27,1,0,0,0,4,0,0,0,0,0,0,1,0,0,0,0,1,0,0,0,0,0,0,0,0,0,0,0,19,0,11,0,0,0,0,4,220,0,60,0,0,0,12,5,19,0,8,7,1,0,2,211,54,7,137,0,300,0,13,8,2,1,6,3,296,0,1,1,0,5,0,0,0,0,0,0,27,0,0,2,257,0,1,0,27,0,0,10,117,0,23,0,0,0,0,0,0,4,0,0,0,0,71,40,0,0,0,0,0,0,0,0,107,19,0,0,0,1,0,2,0,0,0,1,2039,0,4,1,1,0,0,0,0,0,1,0,1,0,0,0,0,0,126,0,0,0,4,0,147,67,0,11,1657,0,1,0,0,0,0,0,0,0,0,0,0,0,0,0,0,0,0,0,0,0,0,0,0,0,0,0,3,5,0,30,17,1,0,3,0,0,3,26,0,0,13,5,0,26,1,1,0,3,3,0,0,0,11,0,0,2,0,2,4,19,0,8
"4028",0,0,3,0,3,0,305,0,0,2,1,0,9,0,0,0,0,27,0,0,67,0,4,25,0,6,69,2,0,7,6,15,2,0,0,3,0,4,51,0,0,0,0,32,0,41,0,0,6,0,2,0,0,0,2,0,2,1,0,1,0,0,0,5,0,1,0,9,0,2,0,0,34,0,0,0,89,0,0,1,0,0,5,58,0,5,9,88,3,39,0,0,0,1,4,0,5,0,0,8,1,1,1,4,0,0,0,1,0,0,0,142,0,82,0,3,1,0,1,35,0,3,0,0,2,0,0,4,0,2,0,0,2,0,149,3,0,59,56,340,0,0,0,0,0,1,0,53,0,0,0,0,71,1,0,0,0,3,1,143,0,0,1,104,0,0,0,0,670,0,0,81,5,0,2,2,2,1,0,8,0,0,6,1,1,2,3,7,2,0,9,0,0,0,0,1,8,0,17,0,1,0,1,19,22,0,0,997,0,4,4,0,0,1,0,0,0,0,3,1,47,1,0,1,1,0,0,2,1,0,0,77,701,0,0,60,0,0,0,1,46,0,0,0,30,5,1,0,269,0,0,0,0,0,0,1,0,23,1,0,0,0,0,0,2,1,6,1,1,1,0,5,1,1,1,6,0,0,0,0,1,6,0,1,3,2,3,12,1,3,16,0,1,2,1,0,2,1,56
"4029",0,3,1,0,0,0,59,0,0,13,0,0,9,0,0,0,0,1,0,0,1,1,0,0,0,0,55,0,2,14,9,8,36,0,1,5,0,0,14,38,0,38,2,32,0,27,2,0,2,0,4,0,14,2,0,0,0,5,0,0,0,0,8,20,0,5,1,13,1,9,0,8,0,6,48,0,122,1,2,1,5,0,4,0,0,0,2,16,4,10,0,0,0,1,2,11,5,2,0,0,38,10,0,0,26,0,0,0,0,2,0,56,0,52,0,2,0,1,12,0,0,0,0,0,0,0,0,0,0,0,0,0,0,0,0,4,0,12,34,35,0,0,0,0,0,0,0,6,0,0,1,11,0,0,0,8,129,0,0,55,0,0,0,61,1,1,0,37,182,4866,0,2,1,0,8,5,0,0,0,0,27,0,0,0,2,0,0,0,1,0,11,0,1,0,0,0,5,3,13,0,0,0,5,0,28,0,0,144,0,1,0,0,0,0,0,0,0,0,0,0,24,0,0,0,0,0,1,0,0,0,0,0,39,0,0,5,0,0,0,0,0,0,0,0,5,0,0,0,18,0,0,1,0,22,0,0,1,0,1,0,3,0,10,0,0,1,1,0,0,0,3,3,1,0,0,27,4,0,0,5,0,0,0,0,0,0,0,236,3,122,0,0,1,6,1,0,9,0,2
"4030",3,5,0,0,0,0,38,0,49,0,0,0,10,0,0,0,0,18,0,0,2,0,0,1,0,0,1,0,2,9,4,0,15,0,1,10,3,2,18,2,167,1,0,4,0,5,1,0,0,0,1,0,0,0,9,1,1,2,0,2,0,0,2,12,0,0,0,15,0,3,0,0,3,0,1,0,6,0,3,0,5,4,4,32,0,6,1,39,1,1,1,0,0,0,1,0,1,0,0,1,0,0,0,0,0,0,0,0,1,0,0,110,0,40,1,0,1,0,21,11,1,0,1,0,11,0,0,3,1,9,5,1,0,2,4,83,10,7,136,305,1,3,7,3,2,6,0,372,1,0,0,2,0,0,0,1,21,0,0,60,0,4,0,198,0,26,0,674,340,281,0,397,14,0,12,0,0,0,2,24,8,6,15,0,0,4,0,3,90,3,0,0,0,0,0,2,11,94,10,0,0,0,0,1,143,0,0,0,0,0,0,0,0,0,0,0,0,0,0,0,806,1,0,0,0,17,0,0,0,4,0,106,39,0,0,10,4,0,1,0,19,0,0,0,0,0,0,1,305,0,0,0,0,131,0,0,0,16,7,1,0,22,25,0,2,2,0,1,1,3,0,1,0,0,0,5,0,0,0,0,2,2,0,0,0,2,0,0,0,7,1,0,0,8,0,1,6,0,0
